account_id,txn_velocity,amount_zscore_max,account_age_days,merchant_category_entropy,is_fraud_individual
acc_00000,0.0,0.0,0.7528587962962963,-0.0,False
acc_00001,0.0,0.0,0.7528472222222222,-0.0,False
acc_00002,0.0,0.0,0.7520601851851851,-0.0,False
acc_00003,20.168381082805524,2.6346066196438214,0.751712962962963,0.35335933502142136,False
acc_00004,0.0,0.0,0.7516319444444445,-0.0,False
acc_00005,0.0,0.0,0.7515856481481481,-0.0,False
acc_00006,0.0,0.0,0.7514467592592593,-0.0,False
acc_00007,31.76927627056322,2.4973984793269173,0.7513657407407407,0.2580186686648155,False
acc_00008,10.162713193491472,1.1370953330581397,0.7512962962962964,1.584962500721156,False
acc_00009,6.691657114532669,1.4364475625288495,0.7512847222222222,-0.0,False
acc_00010,0.0,0.0,0.7511342592592593,-0.0,False
acc_00011,16.942283809399306,2.0619506991297674,0.7510648148148148,-0.0,False
acc_00012,0.0,0.0,0.7509606481481481,-0.0,False
acc_00013,6.900076667518528,1.1530448610056303,0.7507175925925926,0.9709505944546686,False
acc_00014,0.0,0.0,0.7505902777777778,-0.0,False
acc_00015,0.0,0.0,0.7503356481481481,-0.0,False
acc_00016,0.0,0.0,0.7503125,-0.0,False
acc_00017,0.0,0.0,0.7497569444444444,-0.0,False
acc_00018,0.0,0.0,0.7490972222222222,-0.0,False
acc_00019,0.0,0.0,0.7490393518518519,-0.0,False
acc_00020,0.0,0.0,0.7486805555555556,-0.0,False
acc_00021,3.264874260774274,0.7071067811865477,0.7485879629629629,-0.0,False
acc_00022,43.89128778257557,0.7071067811865475,0.7483912037037037,-0.0,False
acc_00023,0.0,0.0,0.7481365740740741,-0.0,False
acc_00024,5.846034135697008,0.8660254037844387,0.7479861111111111,-0.0,False
acc_00025,6.418304052297293,1.269313881937029,0.7465625,-0.0,False
acc_00026,40.91877811982003,0.7071067811865477,0.746550925925926,-0.0,False
acc_00027,0.0,0.0,0.7462384259259259,-0.0,False
acc_00028,48.0,0.7071067811865476,0.7462268518518519,-0.0,False
acc_00029,0.0,0.0,0.7461574074074074,-0.0,False
acc_00030,0.0,0.0,0.7459837962962963,-0.0,False
acc_00031,0.0,0.0,0.7459375,-0.0,False
acc_00032,48.0,0.7071067811865476,0.7458217592592593,-0.0,False
acc_00033,0.0,0.0,0.745011574074074,-0.0,False
acc_00034,0.0,0.0,0.7443518518518518,-0.0,False
acc_00035,0.0,0.0,0.7442939814814815,-0.0,False
acc_00036,14.932361305324683,1.4836423346670329,0.7441898148148148,0.4394969869215134,False
acc_00037,7.038581856100105,1.5938681720781203,0.7440509259259259,1.3709505944546687,False
acc_00038,0.0,0.0,0.7439236111111112,-0.0,False
acc_00039,23.225806451612904,0.7071067811865475,0.7435763888888889,-0.0,False
acc_00040,48.0,0.7071067811865496,0.7434953703703704,-0.0,False
acc_00041,48.0,0.7071067811865476,0.7433680555555555,-0.0,False
acc_00042,0.0,0.0,0.7432175925925926,-0.0,False
acc_00043,0.0,0.0,0.7430439814814814,-0.0,False
acc_00044,0.0,0.0,0.7428356481481482,-0.0,False
acc_00045,27.024068310839343,2.257035313970397,0.7427314814814815,0.28639695711595625,False
acc_00046,18.914185639229423,2.811575687035474,0.7426157407407408,0.74959525725948,False
acc_00047,0.0,0.0,0.7426157407407408,-0.0,False
acc_00048,73.99770534718743,4.2080487241579885,0.7422453703703704,-0.0,False
acc_00049,26.949469744229567,0.7071067811865476,0.7422453703703704,-0.0,False
acc_00050,0.0,0.0,0.7422222222222222,-0.0,False
acc_00051,0.0,0.0,0.7420601851851852,-0.0,False
acc_00052,5.436355628264016,1.1766568475440715,0.741875,-0.0,False
acc_00053,6.058162567707329,1.4766709239468152,0.7412731481481482,-0.0,False
acc_00054,0.0,0.0,0.7411342592592592,-0.0,False
acc_00055,48.0,0.7071067811865475,0.7408217592592593,-0.0,False
acc_00056,0.0,0.0,0.7407638888888889,-0.0,False
acc_00057,3.2730372194336583,0.7071067811865477,0.7397569444444444,1.0,False
acc_00058,0.0,0.0,0.7394675925925925,-0.0,False
acc_00059,0.0,0.0,0.7391898148148148,-0.0,False
acc_00060,6.854966677245319,1.7797109162126548,0.7389583333333334,-0.0,False
acc_00061,0.0,0.0,0.7389236111111112,-0.0,False
acc_00062,48.0,0.7071067811865475,0.7388425925925926,-0.0,False
acc_00063,38.12699190978181,4.163356041289099,0.7383912037037037,-0.0,False
acc_00064,0.0,0.0,0.738275462962963,-0.0,False
acc_00065,0.0,0.0,0.7382291666666667,-0.0,False
acc_00066,2.9139966273187183,0.7071067811865477,0.7381944444444445,-0.0,False
acc_00067,0.0,0.0,0.7374074074074074,-0.0,False
acc_00068,0.0,0.0,0.7373958333333334,-0.0,False
acc_00069,9.561148349563679,1.423590678793626,0.7372106481481482,-0.0,False
acc_00070,5.138676870006542,1.15301279003984,0.7368055555555556,-0.0,False
acc_00071,0.0,0.0,0.7363657407407408,-0.0,False
acc_00072,14.090594039222081,1.4999943683569505,0.7362037037037037,-0.0,True
acc_00073,17.178930624823952,3.015619748056016,0.7360069444444445,-0.0,False
acc_00074,4.791570385433035,1.1543031194934898,0.7355092592592593,0.9182958340544896,False
acc_00075,0.0,0.0,0.7352199074074074,-0.0,False
acc_00076,0.0,0.0,0.7351736111111111,-0.0,False
acc_00077,2.804284323271665,0.7071067811865476,0.7349189814814815,-0.0,False
acc_00078,0.0,0.0,0.7342939814814815,-0.0,False
acc_00079,0.0,0.0,0.7340972222222222,-0.0,False
acc_00080,48.0,0.7071067811865476,0.7337268518518518,-0.0,False
acc_00081,7.789678675754625,1.1876005962274796,0.7337152777777778,0.7219280948873623,False
acc_00082,0.0,0.0,0.7335300925925926,-0.0,False
acc_00083,0.0,0.0,0.7331018518518518,-0.0,False
acc_00084,0.0,0.0,0.7329513888888889,-0.0,False
acc_00085,0.0,0.0,0.7328240740740741,-0.0,False
acc_00086,0.0,0.0,0.7326388888888888,-0.0,False
acc_00087,4.492278895648105,1.143070198990264,0.7326157407407408,-0.0,False
acc_00088,0.0,0.0,0.7324652777777778,-0.0,False
acc_00089,48.0,0.0,0.7323842592592592,-0.0,False
acc_00090,0.0,0.0,0.7323263888888889,-0.0,False
acc_00091,0.0,0.0,0.7322800925925926,-0.0,False
acc_00092,0.0,0.0,0.7316782407407407,-0.0,False
acc_00093,29.41348117887365,3.0713804215681106,0.7313541666666666,0.2761954276479391,True
acc_00094,11.75830157866086,0.7071067811865477,0.7308333333333333,1.0,False
acc_00095,27.350427350427353,1.154700538379254,0.7303356481481481,-0.0,False
acc_00096,0.0,0.0,0.7299421296296297,-0.0,False
acc_00097,30.2868068833652,1.9720125591384874,0.7297800925925926,0.6840384356390417,True
acc_00098,19.3158953722334,0.7071067811865475,0.7296643518518519,-0.0,False
acc_00099,0.0,0.0,0.7295949074074074,-0.0,False
acc_00100,48.0,0.0,0.7293055555555555,-0.0,False
acc_00101,6.047737931356307,1.0722219284950194,0.7292476851851852,-0.0,False
acc_00102,0.0,0.0,0.7190162037037037,-0.0,False
acc_00103,0.0,0.0,0.7284722222222222,-0.0,False
acc_00104,5.225911812738159,1.154700538379252,0.7283564814814815,0.9182958340544896,False
acc_00105,3.275580998597263,0.7071067811865475,0.7281134259259259,-0.0,False
acc_00106,0.0,0.0,0.7279861111111111,-0.0,False
acc_00107,48.0,0.7071067811865475,0.7279282407407407,-0.0,False
acc_00108,48.0,0.7071067811865475,0.7276388888888888,-0.0,False
acc_00109,0.0,0.0,0.7275231481481481,-0.0,False
acc_00110,6.952938904268332,1.7185530709100159,0.7273148148148149,0.7219280948873623,False
acc_00111,48.0,0.7071067811865476,0.7270717592592593,-0.0,False
acc_00112,0.0,0.0,0.7269560185185185,-0.0,False
acc_00113,4.14892595319653,1.1312566535378972,0.7268518518518519,0.9182958340544896,False
acc_00114,0.0,0.0,0.7267361111111111,-0.0,False
acc_00115,26.86149541427017,0.0,0.726574074074074,-0.0,False
acc_00116,0.0,0.0,0.7263773148148148,-0.0,False
acc_00117,7.534401869647871,1.7615594983458123,0.7261921296296296,0.7219280948873623,False
acc_00118,0.0,0.0,0.725949074074074,-0.0,False
acc_00119,16.382817348134868,1.9601462804300624,0.7258333333333333,-0.0,True
acc_00120,0.0,0.0,0.7257407407407407,-0.0,False
acc_00121,48.0,0.0,0.7256018518518519,-0.0,False
acc_00122,5.063785726844706,1.0988893228989725,0.7253356481481481,-0.0,False
acc_00123,0.0,0.0,0.7250231481481482,-0.0,False
acc_00124,9.88860064092782,1.7210016713821565,0.7245949074074074,0.6500224216483541,False
acc_00125,3.326595437481952,0.7071067811865476,0.7241550925925926,-0.0,False
acc_00126,48.0,0.7071067811865475,0.7239583333333334,-0.0,False
acc_00127,3.445663010967099,0.7071067811865476,0.7237847222222222,-0.0,False
acc_00128,0.0,0.0,0.7234259259259259,-0.0,False
acc_00129,0.0,0.0,0.7231712962962963,-0.0,False
acc_00130,3.455101673564873,0.7071067811865477,0.7228009259259259,-0.0,False
acc_00131,9.868646487721302,2.0862627426441365,0.7228009259259259,0.863120568566631,False
acc_00132,13.302540415704389,2.4270764970807086,0.7216666666666667,0.5032583347756457,False
acc_00133,0.0,0.0,0.7212268518518519,-0.0,False
acc_00134,0.0,0.0,0.7212152777777778,-0.0,False
acc_00135,3.0505243088655862,0.7071067811865475,0.7210648148148148,-0.0,False
acc_00136,23.867403314917127,1.8681426441400435,0.715949074074074,1.0,False
acc_00137,7.502995987981312,1.509908343406113,0.720625,-0.0,False
acc_00138,0.0,0.0,0.7205787037037037,-0.0,False
acc_00139,32.901751713632905,0.7071067811865476,0.7203240740740741,-0.0,False
acc_00140,0.0,0.0,0.7201620370370371,-0.0,False
acc_00141,5.910521275140238,1.3334250393480402,0.7201041666666667,0.8112781244591328,False
acc_00142,3.1817344872030935,0.7071067811865475,0.7194907407407407,-0.0,False
acc_00143,4.503596622302533,1.1532115289600846,0.7184606481481481,0.9182958340544896,False
acc_00144,0.0,0.0,0.7180902777777778,-0.0,False
acc_00145,0.0,0.0,0.7177083333333333,-0.0,False
acc_00146,0.0,0.0,0.7174768518518518,-0.0,False
acc_00147,0.0,0.0,0.7173726851851852,-0.0,False
acc_00148,0.0,0.0,0.7171759259259259,-0.0,False
acc_00149,43.9918533604888,0.7071067811865476,0.7168287037037037,-0.0,False
acc_00150,0.0,0.0,0.7164930555555555,-0.0,False
acc_00151,10.123022847100176,1.9553265447742039,0.7162731481481481,-0.0,False
acc_00152,0.0,0.0,0.7162268518518519,-0.0,False
acc_00153,0.0,0.0,0.7158564814814815,-0.0,False
acc_00154,18.690095846645367,2.9707984405005834,0.7158217592592593,-0.0,False
acc_00155,0.0,0.0,0.7155439814814815,-0.0,False
acc_00156,48.0,0.7071067811865476,0.7155324074074074,-0.0,False
acc_00157,144.0,2.041241452319315,0.7154398148148148,-0.0,False
acc_00158,5.1240486310171,1.14799360533468,0.7150925925925926,0.9182958340544896,False
acc_00159,4.853932584269663,0.7071067811865475,0.7150925925925926,1.0,False
acc_00160,0.0,0.0,0.7146759259259259,-0.0,False
acc_00161,0.0,0.0,0.7144444444444444,-0.0,False
acc_00162,0.0,0.0,0.7139699074074074,-0.0,True
acc_00163,15.0614486184956,0.7071067811865476,0.7136805555555555,1.0,False
acc_00164,2.816258678574921,0.7071067811865493,0.713587962962963,-0.0,False
acc_00165,0.0,0.0,0.713587962962963,-0.0,False
acc_00166,5.7223280072853715,1.2124355652982142,0.7131828703703704,1.0,False
acc_00167,48.0,0.0,0.713113425925926,-0.0,False
acc_00168,7.3121191604603935,1.442560195953713,0.7130902777777778,-0.0,False
acc_00169,0.0,0.0,0.7130787037037037,-0.0,False
acc_00170,5.691980829092346,1.2347008116611924,0.7130439814814815,0.8112781244591328,False
acc_00171,0.0,0.0,0.7129976851851851,-0.0,False
acc_00172,0.0,0.0,0.7127314814814815,-0.0,False
acc_00173,4.4311479613642195,1.0910894511799618,0.7126041666666667,-0.0,False
acc_00174,5.769230769230769,1.268539925620837,0.7121643518518519,-0.0,False
acc_00175,0.0,0.0,0.7120717592592593,-0.0,False
acc_00176,0.0,0.0,0.7120023148148148,-0.0,False
acc_00177,0.0,0.0,0.7119907407407408,-0.0,False
acc_00178,3.1474263232669117,0.7071067811865476,0.7118865740740741,-0.0,False
acc_00179,0.0,0.0,0.711875,-0.0,False
acc_00180,0.0,0.0,0.7118634259259259,-0.0,False
acc_00181,0.0,0.0,0.7117939814814814,-0.0,False
acc_00182,4.4266830617891175,1.1547005383792512,0.7115856481481482,0.9182958340544896,False
acc_00183,7.261968800430338,1.419512903781149,0.711550925925926,-0.0,False
acc_00184,0.0,0.0,0.7113194444444444,-0.0,False
acc_00185,4.340617935192163,1.1534750335159354,0.7113078703703704,0.9182958340544896,False
acc_00186,26.948584936634052,2.8032320557137878,0.7110300925925926,-0.0,False
acc_00187,0.0,0.0,0.7107986111111111,-0.0,False
acc_00188,7.5355847055540055,1.6681969803444396,0.7102199074074074,-0.0,False
acc_00189,0.0,0.0,0.7102083333333333,-0.0,False
acc_00190,0.0,0.0,0.7100578703703704,-0.0,False
acc_00191,0.0,0.0,0.7099074074074074,-0.0,False
acc_00192,0.0,0.0,0.7094907407407407,-0.0,False
acc_00193,10.279071348448282,1.9426020694756856,0.7093865740740741,0.5916727785823275,False
acc_00194,0.0,0.0,0.7091319444444445,-0.0,False
acc_00195,9.706774519716886,1.8931376336301102,0.7089583333333334,-0.0,True
acc_00196,0.0,0.0,0.7085069444444444,-0.0,False
acc_00197,0.0,0.0,0.7083680555555556,-0.0,False
acc_00198,4.837761415493155,0.7071067811865475,0.7077893518518519,1.0,False
acc_00199,4.6993128705332055,1.1547005383792512,0.7076273148148148,0.9182958340544896,False
acc_00200,0.0,0.0,0.7074305555555556,-0.0,False
acc_00201,11.33475767457551,1.5949281835934208,0.7074074074074074,0.5916727785823275,False
acc_00202,0.0,0.0,0.7073495370370371,-0.0,False
acc_00203,0.0,0.0,0.7069097222222223,-0.0,False
acc_00204,0.0,0.0,0.7066550925925926,-0.0,False
acc_00205,0.0,0.0,0.706087962962963,-0.0,False
acc_00206,0.0,0.0,0.7060416666666667,-0.0,False
acc_00207,0.0,0.0,0.7056365740740741,-0.0,False
acc_00208,0.0,0.0,0.7055555555555556,-0.0,False
acc_00209,3.5092707296764893,0.7071067811865476,0.7054976851851852,-0.0,False
acc_00210,10.30709976481816,2.1465444925157238,0.7053587962962963,-0.0,False
acc_00211,6.563687009369461,1.1512250430741457,0.7052314814814815,-0.0,False
acc_00212,7.134481676603194,1.0685613639280271,0.7051157407407408,-0.0,False
acc_00213,6.193252413265794,1.1547005383792517,0.7044675925925926,0.9182958340544896,False
acc_00214,5.722612266525367,1.398217198220303,0.7043287037037037,-0.0,False
acc_00215,35.87729466927349,2.0940358012685354,0.7041550925925926,-0.0,False
acc_00216,7.431490942870413,1.5617134322523718,0.7041319444444445,-0.0,False
acc_00217,0.0,0.0,0.7038425925925926,-0.0,False
acc_00218,4.274406332453826,1.0946757377580054,0.7036458333333333,-0.0,False
acc_00219,5.170040889598085,1.0910894511799618,0.7036111111111111,0.9182958340544896,False
acc_00220,0.0,0.0,0.7029166666666666,-0.0,False
acc_00221,0.0,0.0,0.7028009259259259,-0.0,False
acc_00222,0.0,0.0,0.701875,-0.0,False
acc_00223,3.2726033104806636,0.7071067811865476,0.7018287037037036,-0.0,False
acc_00224,0.0,0.0,0.7017592592592593,-0.0,False
acc_00225,4.86103296950602,0.7071067811865475,0.7016087962962962,-0.0,False
acc_00226,0.0,0.0,0.7015277777777778,-0.0,False
acc_00227,0.0,0.0,0.700925925925926,-0.0,False
acc_00228,4.778849167573148,1.0301836279496102,0.7002430555555555,-0.0,False
acc_00229,3.3954923267375374,0.7071067811865476,0.6999305555555555,-0.0,False
acc_00230,3.423205689494641,0.707106781186548,0.6997800925925926,-0.0,True
acc_00231,0.0,0.0,0.6994907407407407,-0.0,False
acc_00232,3.450617037421622,0.7071067811865475,0.6994907407407407,-0.0,False
acc_00233,48.0,0.0,0.699224537037037,-0.0,False
acc_00234,48.0,0.7071067811865476,0.6989120370370371,-0.0,False
acc_00235,0.0,0.0,0.698125,-0.0,False
acc_00236,48.0,0.0,0.6979398148148148,-0.0,False
acc_00237,0.0,0.0,0.6977662037037037,-0.0,False
acc_00238,0.0,0.0,0.6976273148148148,-0.0,False
acc_00239,12.178018957679976,1.3194050072639598,0.6974421296296296,-0.0,False
acc_00240,0.0,0.0,0.6970717592592592,-0.0,False
acc_00241,3.5412013033588132,0.7071067811865477,0.6967939814814815,-0.0,False
acc_00242,0.0,0.0,0.6957986111111111,-0.0,False
acc_00243,5.64042303172738,1.1535052504842846,0.6957638888888888,-0.0,False
acc_00244,0.0,0.0,0.6956944444444444,-0.0,False
acc_00245,4.776295422716887,1.1542032869939403,0.6956944444444444,0.9182958340544896,False
acc_00246,0.0,0.0,0.6956481481481481,-0.0,False
acc_00247,5.368571487748803,1.141880196931732,0.6956134259259259,-0.0,False
acc_00248,48.0,0.7071067811865479,0.6955324074074074,1.0,False
acc_00249,0.0,0.0,0.695462962962963,-0.0,False
acc_00250,8.845208845208845,1.6188925875598235,0.6948263888888889,-0.0,False
acc_00251,0.0,0.0,0.6946180555555556,-0.0,False
acc_00252,4.762560978970868,0.7071067811865476,0.6937847222222222,-0.0,False
acc_00253,0.0,0.0,0.6936574074074074,-0.0,False
acc_00254,0.0,0.0,0.6936226851851852,-0.0,False
acc_00255,0.0,0.0,0.6933217592592592,-0.0,False
acc_00256,0.0,0.0,0.6931018518518518,-0.0,False
acc_00257,0.0,0.0,0.692962962962963,-0.0,False
acc_00258,6.628562660631401,1.467398315892067,0.6929398148148148,1.0,False
acc_00259,0.0,0.0,0.6926967592592592,-0.0,False
acc_00260,0.0,0.0,0.6925578703703704,-0.0,False
acc_00261,0.0,0.0,0.692511574074074,-0.0,False
acc_00262,0.0,0.0,0.6916203703703704,-0.0,False
acc_00263,0.0,0.0,0.6912384259259259,-0.0,False
acc_00264,12.862885216614561,2.4748737341529163,0.6908449074074074,0.5435644431995964,True
acc_00265,3.312692904932615,0.7071067811865476,0.690474537037037,-0.0,False
acc_00266,0.0,0.0,0.6894907407407408,-0.0,False
acc_00267,0.0,0.0,0.6893171296296297,-0.0,False
acc_00268,3.8380383359616195,0.7071067811865476,0.6888888888888889,-0.0,True
acc_00269,0.0,0.0,0.6888773148148148,-0.0,False
acc_00270,0.0,0.0,0.6883101851851852,-0.0,False
acc_00271,0.0,0.0,0.6880439814814815,-0.0,False
acc_00272,48.0,0.0,0.6879976851851852,-0.0,False
acc_00273,0.0,0.0,0.6879282407407408,-0.0,False
acc_00274,0.0,0.0,0.6878587962962963,-0.0,False
acc_00275,0.0,0.0,0.6870601851851852,-0.0,False
acc_00276,0.0,0.0,0.6866898148148148,-0.0,False
acc_00277,48.0,0.0,0.6866666666666666,-0.0,False
acc_00278,9.574468085106382,1.8569382227796842,0.6865740740740741,-0.0,False
acc_00279,72.0,0.0,0.6862152777777778,-0.0,False
acc_00280,4.519222386888676,1.031394189877731,0.6860300925925926,-0.0,True
acc_00281,0.0,0.0,0.6859027777777778,-0.0,False
acc_00282,7.400174726347705,1.716312170849172,0.6858796296296297,-0.0,False
acc_00283,0.0,0.0,0.6854861111111111,-0.0,False
acc_00284,72.0,1.0458871121843565,0.6849421296296296,-0.0,False
acc_00285,41.36940387838162,0.7071067811865476,0.684675925925926,-0.0,False
acc_00286,0.0,0.0,0.692337962962963,-0.0,False
acc_00287,0.0,0.0,0.6843402777777777,-0.0,False
acc_00288,0.0,0.0,0.6839930555555556,-0.0,True
acc_00289,48.0,0.7071067811865475,0.6834375,-0.0,False
acc_00290,0.0,0.0,0.6830208333333333,-0.0,False
acc_00291,0.0,0.0,0.6826851851851852,-0.0,False
acc_00292,9.362639744261228,1.9846252401777857,0.6824305555555555,-0.0,False
acc_00293,48.0,0.7071067811865483,0.6822106481481481,-0.0,False
acc_00294,0.0,0.0,0.6821527777777778,-0.0,False
acc_00295,0.0,0.0,0.6816898148148148,-0.0,False
acc_00296,3.0316853222920104,0.7071067811865477,0.6814351851851852,-0.0,False
acc_00297,0.0,0.0,0.6810300925925926,-0.0,False
acc_00298,0.0,0.0,0.6809259259259259,-0.0,False
acc_00299,0.0,0.0,0.6809143518518519,-0.0,False
acc_00300,48.0,0.7071067811865475,0.6806481481481481,-0.0,False
acc_00301,37.80354408225771,0.7071067811865476,0.6804861111111111,1.0,False
acc_00302,0.0,0.0,0.6802430555555555,-0.0,False
acc_00303,3.8049940546967895,0.7071067811865475,0.6799305555555556,1.0,False
acc_00304,48.0,0.7071067811865475,0.6794560185185186,1.0,False
acc_00305,0.0,0.0,0.6793287037037037,-0.0,False
acc_00306,0.0,0.0,0.6791435185185185,-0.0,False
acc_00307,0.0,0.0,0.6781134259259259,-0.0,False
acc_00308,0.0,0.0,0.6777199074074074,-0.0,False
acc_00309,26.229508196721312,0.7071067811865481,0.6776620370370371,-0.0,False
acc_00310,0.0,0.0,0.6774074074074075,-0.0,False
acc_00311,0.0,0.0,0.6772569444444444,-0.0,False
acc_00312,0.0,0.0,0.6771875,-0.0,False
acc_00313,0.0,0.0,0.6765740740740741,-0.0,False
acc_00314,4.611443210930829,1.1547005383792515,0.6763657407407407,0.9182958340544896,False
acc_00315,3.2771961766044604,0.7071067811865476,0.6755208333333333,-0.0,False
acc_00316,48.0,0.7071067811865476,0.6754282407407407,-0.0,False
acc_00317,15.0564617314931,2.1287856430621774,0.6752893518518519,-0.0,True
acc_00318,0.0,0.0,0.674675925925926,-0.0,False
acc_00319,4.614973738093119,1.1390964770498022,0.674224537037037,0.9182958340544896,False
acc_00320,0.0,0.0,0.6739467592592593,-0.0,False
acc_00321,0.0,0.0,0.6733449074074074,-0.0,False
acc_00322,0.0,0.0,0.6726388888888889,-0.0,False
acc_00323,0.0,0.0,0.6725462962962963,-0.0,False
acc_00324,0.0,0.0,0.6714236111111112,-0.0,False
acc_00325,50.37900874635569,1.4935882529889841,0.6712962962962963,1.5,False
acc_00326,0.0,0.0,0.6703935185185185,-0.0,False
acc_00327,0.0,0.0,0.6703356481481482,-0.0,False
acc_00328,5.996356380671467,1.3292134309830301,0.668900462962963,0.8112781244591328,False
acc_00329,0.0,0.0,0.6687268518518519,-0.0,False
acc_00330,0.0,0.0,0.6686458333333334,-0.0,False
acc_00331,0.0,0.0,0.6686342592592592,-0.0,False
acc_00332,6.725174648271031,1.1163870129163351,0.668599537037037,0.8112781244591328,False
acc_00333,0.0,0.0,0.6682986111111111,-0.0,False
acc_00334,0.0,0.0,0.6671759259259259,-0.0,False
acc_00335,48.0,0.0,0.6670833333333334,-0.0,False
acc_00336,0.0,0.0,0.6669791666666667,-0.0,False
acc_00337,13.669924759158992,2.4520701754013055,0.666712962962963,-0.0,False
acc_00338,6.452335611067548,1.1578714070247131,0.6666319444444444,-0.0,False
acc_00339,0.0,0.0,0.6665046296296296,-0.0,False
acc_00340,0.0,0.0,0.666400462962963,-0.0,False
acc_00341,0.0,0.0,0.7065162037037037,-0.0,False
acc_00342,0.0,0.0,0.6661226851851851,-0.0,False
acc_00343,4.573364387042134,1.1532892110581396,0.6656944444444445,-0.0,False
acc_00344,12.692583138990395,1.6459025963759415,0.6653587962962964,-0.0,False
acc_00345,0.0,0.0,0.6647916666666667,-0.0,False
acc_00346,0.0,0.0,0.6645949074074075,-0.0,False
acc_00347,14.489958492306403,1.9944469870769976,0.6644791666666666,0.954434002924965,False
acc_00348,0.0,0.0,0.6641435185185185,-0.0,False
acc_00349,0.0,0.0,0.6639814814814815,-0.0,False
acc_00350,0.0,0.0,0.663449074074074,-0.0,False
acc_00351,0.0,0.0,0.6628819444444445,-0.0,False
acc_00352,0.0,0.0,0.6624768518518519,-0.0,False
acc_00353,0.0,0.0,0.6624421296296297,-0.0,False
acc_00354,5.574193548387097,1.1498820373955951,0.6619097222222222,-0.0,False
acc_00355,14.133813185015542,1.7244748509710826,0.6614583333333334,-0.0,False
acc_00356,11.717523975588492,1.4387862617365788,0.661087962962963,-0.0,False
acc_00357,0.0,0.0,0.6610416666666666,-0.0,False
acc_00358,0.0,0.0,0.6603587962962963,-0.0,False
acc_00359,0.0,0.0,0.6595138888888888,-0.0,False
acc_00360,3.253502033438771,0.7071067811865476,0.6586689814814815,1.0,False
acc_00361,0.0,0.0,0.6584722222222222,-0.0,False
acc_00362,0.0,0.0,0.6581712962962963,-0.0,False
acc_00363,6.156586799679344,1.321170200592613,0.6577083333333333,-0.0,False
acc_00364,48.0,0.0,0.6576967592592593,-0.0,False
acc_00365,0.0,0.0,0.6574884259259259,-0.0,False
acc_00366,0.0,0.0,0.6565740740740741,-0.0,False
acc_00367,0.0,0.0,0.6564930555555556,-0.0,False
acc_00368,0.0,0.0,0.6560069444444444,-0.0,False
acc_00369,0.0,0.0,0.6556018518518518,-0.0,False
acc_00370,8.079901245651442,1.7586453084636622,0.6553009259259259,-0.0,False
acc_00371,3.4470377019748653,0.7071067811865475,0.6550462962962963,-0.0,False
acc_00372,0.0,0.0,0.6548726851851852,-0.0,False
acc_00373,0.0,0.0,0.6543865740740741,-0.0,False
acc_00374,0.0,0.0,0.6543402777777778,-0.0,False
acc_00375,11.047180667433832,0.7071067811865476,0.6538310185185185,-0.0,False
acc_00376,0.0,0.0,0.6511111111111111,-0.0,False
acc_00377,14.493131791325741,2.1984145649645233,0.6504050925925926,-0.0,False
acc_00378,0.0,0.0,0.6503935185185186,-0.0,False
acc_00379,0.0,0.0,0.65,-0.0,False
acc_00380,0.0,0.0,0.6498611111111111,-0.0,False
acc_00381,6.458525403034909,1.1545809012960497,0.6490856481481482,0.9182958340544896,False
acc_00382,48.0,0.0,0.6486921296296296,-0.0,False
acc_00383,0.0,0.0,0.6486805555555556,-0.0,False
acc_00384,6.602223665609597,1.0948162840090605,0.6486342592592592,0.8112781244591328,False
acc_00385,15.49247789990855,2.320713709525315,0.6482060185185186,-0.0,False
acc_00386,0.0,0.0,0.6481944444444444,-0.0,False
acc_00387,0.0,0.0,0.6480439814814815,-0.0,False
acc_00388,4.650745518812912,1.1237807773253532,0.6465162037037037,0.9182958340544896,False
acc_00389,6.344893425618241,1.2646905651828537,0.6447800925925926,-0.0,False
acc_00390,4.366723946224603,0.7071067811865475,0.6438657407407408,-0.0,False
acc_00391,0.0,0.0,0.6438541666666666,-0.0,False
acc_00392,3.857745629897529,0.7071067811865475,0.643449074074074,-0.0,False
acc_00393,0.0,0.0,0.6433796296296296,-0.0,False
acc_00394,4.8138174389451205,1.0929571025532072,0.6431712962962963,0.9182958340544896,False
acc_00395,3.264997638167218,0.7071067811865475,0.6425,-0.0,False
acc_00396,0.0,0.0,0.6415856481481481,-0.0,False
acc_00397,21.34809250840087,1.3561598623027162,0.6410532407407408,-0.0,True
acc_00398,5.658400279427174,1.1519391939602284,0.6409606481481481,1.584962500721156,False
acc_00399,0.0,0.0,0.6406712962962963,-0.0,False
acc_00400,0.0,0.0,0.6400231481481482,-0.0,False
acc_00401,0.0,0.0,0.6396412037037037,-0.0,False
acc_00402,3.4610531375808677,0.7071067811865475,0.6390162037037037,-0.0,False
acc_00403,0.0,0.0,0.6387268518518519,-0.0,False
acc_00404,0.0,0.0,0.6384606481481482,-0.0,False
acc_00405,0.0,0.0,0.637650462962963,-0.0,False
acc_00406,0.0,0.0,0.6373958333333334,-0.0,False
acc_00407,0.0,0.0,0.6373726851851852,-0.0,False
acc_00408,0.0,0.0,0.6372916666666667,-0.0,False
acc_00409,0.0,0.0,0.6372337962962963,-0.0,False
acc_00410,0.0,0.0,0.6368055555555555,-0.0,False
acc_00411,48.0,0.7071067811865498,0.6363310185185185,-0.0,False
acc_00412,42.50713372035816,1.400652140626936,0.6363078703703704,-0.0,False
acc_00413,0.0,0.0,0.636261574074074,-0.0,False
acc_00414,0.0,0.0,0.6360648148148148,-0.0,False
acc_00415,0.0,0.0,0.6357291666666667,-0.0,False
acc_00416,0.0,0.0,0.6357060185185185,-0.0,False
acc_00417,3.268641470888662,0.7071067811865475,0.6355555555555555,-0.0,False
acc_00418,72.0,0.0,0.6350462962962963,-0.0,False
acc_00419,0.0,0.0,0.6342592592592593,-0.0,False
acc_00420,0.0,0.0,0.6337037037037037,-0.0,False
acc_00421,0.0,0.0,0.6336111111111111,-0.0,False
acc_00422,50.08695652173913,1.4855503935280878,0.6884606481481481,-0.0,False
acc_00423,0.0,0.0,0.6330671296296296,-0.0,False
acc_00424,0.0,0.0,0.6327199074074074,-0.0,False
acc_00425,0.0,0.0,0.6322569444444445,-0.0,False
acc_00426,0.0,0.0,0.6317592592592592,-0.0,False
acc_00427,3.9429549343981747,0.7071067811865475,0.6317361111111112,-0.0,False
acc_00428,8.47308031774051,1.3844798941445173,0.6316666666666667,-0.0,True
acc_00429,0.0,0.0,0.6316087962962963,-0.0,False
acc_00430,3.1852534562211985,0.7071067811865477,0.6312731481481482,-0.0,False
acc_00431,0.0,0.0,0.6309027777777778,-0.0,False
acc_00432,48.0,0.7071067811865476,0.6303356481481481,-0.0,False
acc_00433,0.0,0.0,0.6293171296296296,-0.0,False
acc_00434,3.582015298190336,0.7071067811865477,0.6285648148148149,-0.0,False
acc_00435,4.628240839940005,0.7071067811865475,0.6285300925925926,-0.0,False
acc_00436,48.0,0.0,0.6285300925925926,-0.0,False
acc_00437,0.0,0.0,0.7138541666666667,-0.0,False
acc_00438,0.0,0.0,0.6266203703703703,-0.0,False
acc_00439,0.0,0.0,0.6255439814814815,-0.0,False
acc_00440,0.0,0.0,0.6255092592592593,-0.0,False
acc_00441,0.0,0.0,0.6253356481481481,-0.0,False
acc_00442,0.0,0.0,0.6253240740740741,-0.0,False
acc_00443,0.0,0.0,0.6249768518518518,-0.0,False
acc_00444,6.55174157019362,1.1429532023897278,0.6247337962962963,-0.0,False
acc_00445,0.0,0.0,0.6225115740740741,-0.0,False
acc_00446,19.154773451572673,1.9320081527758481,0.6224884259259259,-0.0,False
acc_00447,0.0,0.0,0.6214120370370371,-0.0,False
acc_00448,0.0,0.0,0.621099537037037,-0.0,False
acc_00449,0.0,0.0,0.6205208333333333,-0.0,False
acc_00450,0.0,0.0,0.6202199074074074,-0.0,False
acc_00451,0.0,0.0,0.6199537037037037,-0.0,False
acc_00452,0.0,0.0,0.6195717592592592,-0.0,False
acc_00453,0.0,0.0,0.6191319444444444,-0.0,False
acc_00454,0.0,0.0,0.6181944444444445,-0.0,False
acc_00455,7.413286428280315,1.2611485264510833,0.6180671296296296,-0.0,False
acc_00456,5.266044980800878,1.0680550245005078,0.6171296296296296,-0.0,False
acc_00457,34.76161738080869,0.7071067811865475,0.6168634259259259,-0.0,False
acc_00458,0.0,0.0,0.6166782407407407,-0.0,False
acc_00459,15.419851869478569,1.9994518645203936,0.6147453703703704,-0.0,False
acc_00460,5.750798722044729,1.1547005383792515,0.6147337962962963,-0.0,False
acc_00461,0.0,0.0,0.6146759259259259,-0.0,False
acc_00462,0.0,0.0,0.6144444444444445,-0.0,False
acc_00463,0.0,0.0,0.6144328703703704,-0.0,False
acc_00464,0.0,0.0,0.612824074074074,-0.0,False
acc_00465,0.0,0.0,0.6118171296296296,-0.0,False
acc_00466,0.0,0.0,0.6107754629629629,-0.0,False
acc_00467,0.0,0.0,0.6105555555555555,-0.0,False
acc_00468,5.658647338776579,1.1349798854788076,0.6102199074074074,-0.0,False
acc_00469,120.0,1.7888543819998322,0.6093518518518518,-0.0,False
acc_00470,31.41247045991638,0.7071067811865475,0.6089699074074074,1.0,False
acc_00471,5.893453991496328,1.1517899905367126,0.6089583333333334,-0.0,False
acc_00472,4.18959873924112,0.7071067811865478,0.6089351851851852,-0.0,False
acc_00473,27.92200797156092,1.1547005383792515,0.6088310185185185,-0.0,False
acc_00474,6.701310788800124,1.2130687115277123,0.6062037037037037,-0.0,False
acc_00475,3.610078134792964,0.7071067811865476,0.6059375,-0.0,False
acc_00476,0.0,0.0,0.6050578703703704,-0.0,False
acc_00477,0.0,0.0,0.604837962962963,-0.0,False
acc_00478,4.269513008672448,0.7071067811865477,0.6040740740740741,-0.0,False
acc_00479,0.0,0.0,0.6014699074074074,-0.0,False
acc_00480,23.058446757405925,0.7071067811865475,0.6005902777777777,-0.0,False
acc_00481,0.0,0.0,0.5999421296296297,-0.0,False
acc_00482,0.0,0.0,0.599837962962963,-0.0,False
acc_00483,0.0,0.0,0.5997916666666666,-0.0,False
acc_00484,0.0,0.0,0.5994097222222222,-0.0,False
acc_00485,0.0,0.0,0.5979745370370371,-0.0,False
acc_00486,0.0,0.0,0.5973148148148149,-0.0,False
acc_00487,0.0,0.0,0.5971296296296297,-0.0,False
acc_00488,0.0,0.0,0.5967939814814814,-0.0,False
acc_00489,48.0,0.7071067811865475,0.5966087962962963,-0.0,False
acc_00490,0.0,0.0,0.5965856481481482,-0.0,False
acc_00491,6.427854034147974,0.7071067811865475,0.596550925925926,-0.0,False
acc_00492,0.0,0.0,0.5960532407407407,-0.0,False
acc_00493,0.0,0.0,0.5957523148148148,-0.0,False
acc_00494,0.0,0.0,0.5954513888888889,-0.0,False
acc_00495,5.266794001706831,1.1525252942159483,0.5951736111111111,-0.0,False
acc_00496,0.0,0.0,0.5949305555555555,-0.0,False
acc_00497,0.0,0.0,0.5946875,-0.0,False
acc_00498,0.0,0.0,0.5944675925925926,-0.0,False
acc_00499,4.079512724868974,0.7071067811865476,0.5940509259259259,1.0,False
acc_00500,0.0,0.0,0.5936111111111111,-0.0,False
acc_00501,12.552969949390997,1.6523181179309427,0.5932638888888889,-0.0,False
acc_00502,0.0,0.0,0.5930902777777778,-0.0,False
acc_00503,0.0,0.0,0.5927083333333333,-0.0,False
acc_00504,5.558057253136057,1.120860094117246,0.5912384259259259,-0.0,False
acc_00505,4.231974921630094,0.7071067811865476,0.591099537037037,1.0,False
acc_00506,0.0,0.0,0.5910648148148148,-0.0,False
acc_00507,0.0,0.0,0.5907638888888889,-0.0,False
acc_00508,0.0,0.0,0.590625,-0.0,False
acc_00509,4.294341310668754,0.0,0.5900925925925926,-0.0,False
acc_00510,0.0,0.0,0.5898032407407408,-0.0,False
acc_00511,0.0,0.0,0.5891203703703703,-0.0,False
acc_00512,48.0,0.0,0.5889814814814814,-0.0,False
acc_00513,0.0,0.0,0.5886111111111111,-0.0,True
acc_00514,0.0,0.0,0.5876157407407407,-0.0,False
acc_00515,0.0,0.0,0.5870601851851852,-0.0,False
acc_00516,0.0,0.0,0.5856944444444444,-0.0,False
acc_00517,0.0,0.0,0.5853356481481482,-0.0,False
acc_00518,3.8997088758998895,0.7071067811865477,0.5851851851851851,-0.0,False
acc_00519,0.0,0.0,0.6569212962962963,-0.0,False
acc_00520,0.0,0.0,0.5828356481481481,-0.0,False
acc_00521,16.50902837489252,1.346716938846396,0.5815162037037037,-0.0,False
acc_00522,0.0,0.0,0.5805671296296296,-0.0,False
acc_00523,0.0,0.0,0.5804282407407407,-0.0,False
acc_00524,0.0,0.0,0.5797222222222222,-0.0,False
acc_00525,0.0,0.0,0.5795833333333333,-0.0,False
acc_00526,3.801060249444579,0.7071067811865476,0.5794328703703704,-0.0,False
acc_00527,3.5242290748898677,0.7071067811865476,0.5794212962962964,-0.0,False
acc_00528,0.0,0.0,0.5791087962962963,-0.0,False
acc_00529,0.0,0.0,0.577962962962963,-0.0,False
acc_00530,0.0,0.0,0.5775231481481482,-0.0,False
acc_00531,26.29069885383913,2.124219730402612,0.5772569444444444,-0.0,False
acc_00532,33.40421418905857,0.7071067811865476,0.5770486111111112,-0.0,False
acc_00533,0.0,0.0,0.5765856481481482,-0.0,False
acc_00534,0.0,0.0,0.5738310185185185,-0.0,False
acc_00535,0.0,0.0,0.5736574074074074,-0.0,False
acc_00536,48.0,0.7071067811865477,0.5735763888888888,-0.0,False
acc_00537,4.077683649149303,0.7071067811865476,0.5709953703703704,-0.0,False
acc_00538,0.0,0.0,0.5705208333333334,-0.0,True
acc_00539,48.0,0.0,0.5701273148148148,-0.0,True
acc_00540,0.0,0.0,0.5697685185185185,-0.0,False
acc_00541,0.0,0.0,0.5692824074074074,-0.0,False
acc_00542,33.71049551307062,1.1547005383792517,0.5685300925925926,0.9182958340544896,False
acc_00543,0.0,0.0,0.5679166666666666,-0.0,False
acc_00544,24.552429667519185,0.7071067811865476,0.5677083333333334,-0.0,False
acc_00545,0.0,0.0,0.5659837962962962,-0.0,False
acc_00546,0.0,0.0,0.5653935185185185,-0.0,False
acc_00547,20.2389318341532,2.267786838055363,0.5649768518518519,0.5916727785823275,False
acc_00548,0.0,0.0,0.5647222222222222,-0.0,False
acc_00549,0.0,0.0,0.5638310185185185,-0.0,False
acc_00550,0.0,0.0,0.5619212962962963,-0.0,False
acc_00551,12.849112162041582,1.7869508406217325,0.5602546296296296,0.7219280948873623,False
acc_00552,48.0,0.7071067811865476,0.5590625,-0.0,False
acc_00553,34.53237410071943,1.154700538379251,0.5587037037037037,-0.0,False
acc_00554,0.0,0.0,0.5585416666666667,-0.0,False
acc_00555,0.0,0.0,0.5585300925925926,-0.0,False
acc_00556,6.567012921205979,1.1489970624313939,0.5584375,-0.0,False
acc_00557,19.720024345709067,2.035210707088378,0.5576736111111111,-0.0,False
acc_00558,0.0,0.0,0.5572916666666666,-0.0,False
acc_00559,4.097311139564661,0.707106781186548,0.5569212962962963,1.0,False
acc_00560,0.0,0.0,0.5553125,-0.0,False
acc_00561,0.0,0.0,0.5551041666666666,-0.0,False
acc_00562,0.0,0.0,0.5538194444444444,-0.0,False
acc_00563,72.0,0.0,0.5527662037037037,-0.0,False
acc_00564,0.0,0.0,0.5526504629629629,-0.0,False
acc_00565,0.0,0.0,0.551724537037037,-0.0,False
acc_00566,0.0,0.0,0.5515162037037037,-0.0,False
acc_00567,0.0,0.0,0.5515046296296297,-0.0,False
acc_00568,3.8677619356715986,0.7071067811865476,0.5512268518518518,-0.0,False
acc_00569,0.0,0.0,0.5505324074074074,-0.0,False
acc_00570,0.0,0.0,0.5481828703703704,-0.0,False
acc_00571,11.756434969951242,1.6432202653074892,0.547037037037037,0.6500224216483541,False
acc_00572,13.706826217024748,2.2654369474360547,0.5454513888888889,0.5916727785823275,False
acc_00573,0.0,0.0,0.5415625,-0.0,False
acc_00574,0.0,0.0,0.5344444444444445,-0.0,False
acc_00575,48.0,0.7071067811865476,0.5338310185185186,-0.0,False
acc_00576,0.0,0.0,0.5336458333333334,-0.0,False
acc_00577,24.508320726172467,1.1547005383792543,0.5317476851851852,-0.0,False
acc_00578,0.0,0.0,0.5316203703703704,-0.0,False
acc_00579,8.281811646297628,1.4965597062369251,0.5313657407407407,0.8112781244591328,False
acc_00580,0.0,0.0,0.5295833333333333,-0.0,False
acc_00581,0.0,0.0,0.5284375,-0.0,False
acc_00582,0.0,0.0,0.5274305555555555,-0.0,False
acc_00583,0.0,0.0,0.5258912037037037,-0.0,False
acc_00584,12.362283588496208,1.3559708886891104,0.5245138888888888,-0.0,False
acc_00585,0.0,0.0,0.5240162037037037,-0.0,False
acc_00586,0.0,0.0,0.5218287037037037,-0.0,False
acc_00587,4.889781827442769,0.7071067811865475,0.518912037037037,-0.0,False
acc_00588,6.721991701244813,1.0513685658677618,0.5188425925925926,-0.0,False
acc_00589,0.0,0.0,0.5178587962962963,-0.0,False
acc_00590,6.6966361804371415,1.1496949919936683,0.5174537037037037,-0.0,False
acc_00591,0.0,0.0,0.5133680555555555,-0.0,False
acc_00592,39.94759959929105,2.0818889770138034,0.5122685185185185,-0.0,False
acc_00593,0.0,0.0,0.5121990740740741,-0.0,False
acc_00594,11.7519042437432,1.874331867366299,0.5119560185185185,0.6500224216483541,False
acc_00595,6.6745635268064065,1.0845559090614558,0.5064583333333333,-0.0,False
acc_00596,0.0,0.0,0.5058680555555556,-0.0,False
acc_00597,0.0,0.0,0.5052314814814814,-0.0,False
acc_00598,0.0,0.0,0.5052199074074074,-0.0,False
acc_00599,0.0,0.0,0.5040162037037037,-0.0,False
acc_00600,72.0,1.1547005383792515,0.6367824074074074,-0.0,False
acc_00601,7.63453211981974,0.7071067811865476,0.5024305555555556,-0.0,False
acc_00602,0.0,0.0,0.5005787037037037,-0.0,False
acc_00603,21.656849229226722,2.1438920136145727,0.4971875,-0.0,False
acc_00604,46.95652173913044,0.7071067811865475,0.4965509259259259,1.0,False
acc_00605,48.0,0.7071067811865476,0.49649305555555556,-0.0,False
acc_00606,32.04846836264721,2.157774433450188,0.4958796296296296,-0.0,False
acc_00607,20.126958243550174,1.7185939347720074,0.49484953703703705,-0.0,False
acc_00608,10.256105884796867,1.2247448713915892,0.49461805555555555,-0.0,False
acc_00609,0.0,0.0,0.49430555555555555,-0.0,False
acc_00610,0.0,0.0,0.49418981481481483,-0.0,False
acc_00611,27.703235990528807,1.5484997134619143,0.49372685185185183,-0.0,False
acc_00612,41.3229069517182,2.9656184775947856,0.4931828703703704,-0.0,False
acc_00613,0.0,0.0,0.4923032407407407,-0.0,True
acc_00614,29.07482633463933,2.0273423529104484,0.491875,-0.0,False
acc_00615,45.077904522493895,2.3706589650141825,0.490787037037037,-0.0,False
acc_00616,59.743659397920624,2.517877932062009,0.48996527777777776,-0.0,True
acc_00617,6.419655240737072,1.1436937540985277,0.4895949074074074,-0.0,False
acc_00618,16.85771425784108,1.4007132313302966,0.48917824074074073,-0.0,True
acc_00619,0.0,0.0,0.4891087962962963,-0.0,False
acc_00620,0.0,0.0,0.48894675925925923,-0.0,False
acc_00621,37.536203900366864,2.4548605248268887,0.4886111111111111,-0.0,False
acc_00622,216.0,2.1613997900601105,0.48778935185185185,-0.0,False
acc_00623,6.449365513809406,1.0238432437158316,0.4879398148148148,-0.0,False
acc_00624,4.5473684210526315,0.0,0.4869675925925926,-0.0,False
acc_00625,28.910452755398833,1.8273415396845212,0.485462962962963,-0.0,False
acc_00626,0.0,0.0,0.48493055555555553,-0.0,False
acc_00627,12.878223282158295,1.9513250710532977,0.48159722222222223,-0.0,False
acc_00628,8.408349958639482,1.3417205582267036,0.4794675925925926,-0.0,False
acc_00629,0.0,0.0,0.47783564814814816,-0.0,False
acc_00630,0.0,0.0,0.4754050925925926,-0.0,False
acc_00631,8.498499975409434,1.0408182172698528,0.47302083333333333,-0.0,False
acc_00632,12.015854252138238,1.3142764624074401,0.470150462962963,-0.0,False
acc_00633,18.84097475876356,2.0104921786343035,0.46930555555555553,-0.0,False
acc_00634,5.010147868947521,0.7071067811865476,0.46913194444444445,-0.0,False
acc_00635,0.0,0.0,0.4665162037037037,-0.0,False
acc_00636,43.35173105870547,3.7936753635283647,0.46519675925925924,-0.0,False
acc_00637,0.0,0.0,0.4640972222222222,-0.0,False
acc_00638,23.598175511430366,1.7650452162436565,0.4623148148148148,-0.0,False
acc_00639,0.0,0.0,0.462025462962963,-0.0,False
acc_00640,16.690123354582333,1.602612054882914,0.45935185185185184,-0.0,False
acc_00641,48.0,0.7071067811865476,0.45858796296296295,-0.0,False
acc_00642,0.0,0.0,0.4578935185185185,-0.0,False
acc_00643,0.0,0.0,0.45511574074074074,-0.0,False
acc_00644,48.0,0.7071067811865476,0.4535763888888889,-0.0,False
acc_00645,34.81765061454765,1.4762912074284447,0.4503935185185185,-0.0,False
acc_00646,0.0,0.0,0.4491898148148148,-0.0,False
acc_00647,48.0,0.0,0.4479398148148148,-0.0,False
acc_00648,27.236188824966508,1.9416675416487765,0.44700231481481484,-0.0,False
acc_00649,0.0,0.0,0.4457523148148148,-0.0,False
acc_00650,0.0,0.0,0.4444560185185185,-0.0,False
acc_00651,7.596272199753824,1.134428376982724,0.4441435185185185,-0.0,False
acc_00652,14.059067610446668,1.3095367659054702,0.44351851851851853,-0.0,False
acc_00653,0.0,0.0,0.4401041666666667,-0.0,False
acc_00654,7.076746662298304,0.0,0.43894675925925924,-0.0,False
acc_00655,0.0,0.0,0.4374537037037037,-0.0,False
acc_00656,0.0,0.0,0.43694444444444447,-0.0,False
acc_00657,18.46153846153846,1.4576490873185175,0.43623842592592593,-0.0,False
acc_00658,0.0,0.0,0.4348611111111111,-0.0,False
acc_00659,17.047024005261427,1.0667285568343483,0.4338310185185185,-0.0,False
acc_00660,0.0,0.0,0.4291203703703704,-0.0,False
acc_00661,0.0,0.0,0.42725694444444445,-0.0,False
acc_00662,0.0,0.0,0.42637731481481483,-0.0,False
acc_00663,42.825278810408925,1.2629606175998374,0.4204976851851852,-0.0,False
acc_00664,0.0,0.0,0.4204976851851852,-0.0,False
acc_00665,9.955063947459385,0.7071067811865476,0.41854166666666665,-0.0,False
acc_00666,0.0,0.0,0.4125810185185185,-0.0,True
acc_00667,0.0,0.0,0.40784722222222225,-0.0,False
acc_00668,16.020173551880145,1.7214843192948734,0.40748842592592593,-0.0,False
acc_00669,6.8803503882142145,0.7071067811865475,0.4045138888888889,-0.0,False
acc_00670,0.0,0.0,0.39797453703703706,-0.0,False
acc_00671,0.0,0.0,0.39417824074074076,-0.0,False
acc_00672,8.7648998224702,0.7071067811865476,0.3937731481481481,-0.0,False
acc_00673,0.0,0.0,0.3771527777777778,-0.0,False
acc_00674,0.0,0.0,0.37341435185185184,-0.0,True
acc_00675,24.285011594406576,2.360609528920375,0.3726851851851852,-0.0,False
acc_00676,72.0,1.154700538379251,0.370625,-0.0,False
acc_00677,11.955168119551681,0.7071067811865477,0.3673958333333333,-0.0,False
acc_00678,0.0,0.0,0.36314814814814816,-0.0,False
acc_00679,0.0,0.0,0.35987268518518517,-0.0,False
acc_00680,0.0,0.0,0.35888888888888887,-0.0,False
acc_00681,0.0,0.0,0.35689814814814813,-0.0,False
acc_00682,12.12716681872412,0.0,0.3560069444444444,-0.0,False
acc_00683,5.932639818724894,0.7071067811865475,0.35413194444444446,-0.0,False
acc_00684,48.46405120929158,2.9706553589421443,0.3538541666666667,-0.0,False
acc_00685,21.74210015458173,2.1276693283176997,0.35292824074074075,-0.0,False
acc_00686,9.087084560370215,1.1546140739572828,0.35234953703703703,-0.0,False
acc_00687,0.0,0.0,0.35119212962962965,-0.0,False
acc_00688,0.0,0.0,0.34958333333333336,-0.0,False
acc_00689,0.0,0.0,0.34550925925925924,-0.0,False
acc_00690,9.832147937411095,0.7071067811865475,0.34359953703703705,-0.0,False
acc_00691,0.0,0.0,0.3337962962962963,-0.0,False
acc_00692,0.0,0.0,0.33319444444444446,-0.0,False
acc_00693,0.0,0.0,0.33287037037037037,-0.0,False
acc_00694,7.342256214149139,0.7071067811865488,0.3280787037037037,-0.0,False
acc_00695,10.891213916551116,1.0538627055660206,0.3276851851851852,-0.0,False
acc_00696,7.231941073072737,0.0,0.3254282407407407,-0.0,False
acc_00697,0.0,0.0,0.32241898148148146,-0.0,False
acc_00698,0.0,0.0,0.3201736111111111,-0.0,False
acc_00699,0.0,0.0,0.31975694444444447,-0.0,False
acc_00700,20.643517043644472,1.1506588818016736,0.31754629629629627,-0.0,False
acc_00701,22.765084503331202,1.4991813886027086,0.3168634259259259,0.5916727785823275,False
acc_00702,0.0,0.0,0.31310185185185185,-0.0,False
acc_00703,0.0,0.0,0.31048611111111113,-0.0,False
acc_00704,0.0,0.0,0.309375,-0.0,False
acc_00705,48.0,0.7071067811865476,0.30561342592592594,-0.0,True
acc_00706,23.046145638837025,0.7071067811865475,0.30421296296296296,1.0,False
acc_00707,0.0,0.0,0.3031597222222222,-0.0,False
acc_00708,0.0,0.0,0.30189814814814814,-0.0,False
acc_00709,0.0,0.0,0.29743055555555553,-0.0,False
acc_00710,0.0,0.0,0.2965509259259259,-0.0,False
acc_00711,0.0,0.0,0.2952430555555556,-0.0,False
acc_00712,11.877921363761342,0.7071067811865477,0.29310185185185184,-0.0,False
acc_00713,0.0,0.0,0.2917013888888889,-0.0,False
acc_00714,23.033857637963212,0.0,0.29108796296296297,-0.0,True
acc_00715,9.807037457434733,0.7071067811865478,0.28989583333333335,-0.0,False
acc_00716,0.0,0.0,0.28923611111111114,-0.0,False
acc_00717,0.0,0.0,0.28769675925925925,-0.0,False
acc_00718,0.0,0.0,0.2863888888888889,-0.0,False
acc_00719,0.0,0.0,0.2849537037037037,-0.0,False
acc_00720,0.0,0.0,0.2829513888888889,-0.0,False
acc_00721,0.0,0.0,0.2811342592592593,-0.0,False
acc_00722,0.0,0.0,0.2788425925925926,-0.0,False
acc_00723,38.79078120323256,1.1547005383792521,0.2780324074074074,-0.0,False
acc_00724,72.0,1.1450111254873325,0.2768865740740741,-0.0,False
acc_00725,9.742346507301122,0.7071067811865476,0.2753935185185185,-0.0,False
acc_00726,0.0,0.0,0.2734837962962963,-0.0,False
acc_00727,7.963133640552996,0.7071067811865475,0.27252314814814815,-0.0,False
acc_00728,51.47571035747022,2.2196373239585516,0.2721296296296296,0.39124356362925566,True
acc_00729,0.0,0.0,0.2719212962962963,-0.0,False
acc_00730,11.478676763650856,0.7071067811865516,0.27142361111111113,-0.0,False
acc_00731,24.097729681486026,1.7643203930808111,0.2713541666666667,-0.0,False
acc_00732,31.69479090242113,0.0,0.26938657407407407,-0.0,False
acc_00733,0.0,0.0,0.2666203703703704,-0.0,False
acc_00734,11.004266700630453,0.7071067811865476,0.2657175925925926,-0.0,False
acc_00735,16.27527313826447,1.037900936548273,0.2651736111111111,0.9182958340544896,False
acc_00736,0.0,0.0,0.26407407407407407,-0.0,False
acc_00737,0.0,0.0,0.26359953703703703,-0.0,False
acc_00738,0.0,0.0,0.26155092592592594,-0.0,False
acc_00739,0.0,0.0,0.26100694444444444,-0.0,False
acc_00740,15.087749934514974,0.7071067811865476,0.26002314814814814,-0.0,False
acc_00741,0.0,0.0,0.25960648148148147,-0.0,False
acc_00742,19.182948490230906,0.7071067811865476,0.2590972222222222,-0.0,False
acc_00743,0.0,0.0,0.2576041666666667,-0.0,False
acc_00744,31.32023490176176,1.753451910243028,0.2568402777777778,0.7219280948873623,False
acc_00745,0.0,0.0,0.25636574074074076,-0.0,False
acc_00746,0.0,0.0,0.2563310185185185,-0.0,False
acc_00747,0.0,0.0,0.25428240740740743,-0.0,False
acc_00748,72.0,1.1157013096343475,0.2538773148148148,-0.0,True
acc_00749,0.0,0.0,0.2526736111111111,-0.0,False
acc_00750,23.91496899911426,1.416184586341792,0.25188657407407405,-0.0,False
acc_00751,0.0,0.0,0.25158564814814816,-0.0,True
acc_00752,0.0,0.0,0.25052083333333336,-0.0,False
acc_00753,36.063863090890116,1.4621415042014605,0.24965277777777778,-0.0,False
acc_00754,0.0,0.0,0.24922453703703704,-0.0,False
acc_00755,20.743052637896884,1.4856466696181798,0.2490740740740741,-0.0,False
acc_00756,0.0,0.0,0.2480439814814815,-0.0,False
acc_00757,0.0,0.0,0.24766203703703704,-0.0,False
acc_00758,0.0,0.0,0.24758101851851852,-0.0,False
acc_00759,0.0,0.0,0.24746527777777777,-0.0,False
acc_00760,19.026646113190928,1.1484927962540028,0.2474537037037037,-0.0,False
acc_00761,34.163701067615655,1.3014212538854666,0.24559027777777778,-0.0,False
acc_00762,0.0,0.0,0.24530092592592592,-0.0,False
acc_00763,0.0,0.0,0.24417824074074074,-0.0,False
acc_00764,48.0,0.0,0.243125,-0.0,False
acc_00765,21.249385145105755,1.7161654728719358,0.24244212962962963,-0.0,True
acc_00766,0.0,0.0,0.24020833333333333,-0.0,False
acc_00767,0.0,0.0,0.239375,-0.0,False
acc_00768,0.0,0.0,0.23840277777777777,-0.0,False
acc_00769,48.0,0.7071067811865476,0.23787037037037037,-0.0,False
acc_00770,0.0,0.0,0.2349652777777778,-0.0,False
acc_00771,0.0,0.0,0.2333449074074074,-0.0,False
acc_00772,40.63014342816835,0.0,0.23326388888888888,-0.0,False
acc_00773,12.658413303054722,0.0,0.23267361111111112,-0.0,False
acc_00774,27.154867604305807,1.453357753468174,0.2319675925925926,0.8112781244591328,False
acc_00775,0.0,0.0,0.23175925925925925,-0.0,False
acc_00776,0.0,0.0,0.23166666666666666,-0.0,False
acc_00777,0.0,0.0,0.2303125,-0.0,False
acc_00778,48.0,0.0,0.22958333333333333,-0.0,False
acc_00779,30.949253731343287,1.0742854657495744,0.229375,-0.0,False
acc_00780,0.0,0.0,0.22893518518518519,-0.0,False
acc_00781,0.0,0.0,0.22864583333333333,-0.0,False
acc_00782,42.635085122131755,1.679531834290797,0.2283564814814815,0.6500224216483541,False
acc_00783,0.0,0.0,0.22814814814814816,-0.0,False
acc_00784,0.0,0.0,0.2271875,-0.0,False
acc_00785,0.0,0.0,0.22712962962962963,-0.0,False
acc_00786,0.0,0.0,0.2270023148148148,-0.0,False
acc_00787,0.0,0.0,0.22684027777777777,-0.0,False
acc_00788,0.0,0.0,0.22684027777777777,-0.0,False
acc_00789,15.104895104895103,0.7071067811865476,0.22672453703703704,-0.0,False
acc_00790,0.0,0.0,0.22546296296296298,-0.0,False
acc_00791,48.0,0.7071067811865476,0.2245486111111111,-0.0,False
acc_00792,0.0,0.0,0.22427083333333334,-0.0,False
acc_00793,0.0,0.0,0.22373842592592594,-0.0,False
acc_00794,0.0,0.0,0.22148148148148147,-0.0,False
acc_00795,0.0,0.0,0.2212962962962963,-0.0,False
acc_00796,0.0,0.0,0.22050925925925927,-0.0,False
acc_00797,0.0,0.0,0.22042824074074074,-0.0,False
acc_00798,27.191188040912667,0.0,0.21976851851851853,-0.0,False
acc_00799,20.467466835123183,1.044073795327749,0.2180787037037037,0.9182958340544896,False
acc_00800,11.895910780669146,0.7071067811865475,0.21796296296296297,-0.0,False
acc_00801,0.0,0.0,0.21719907407407407,-0.0,False
acc_00802,24.0690871947256,1.0725376943285332,0.21699074074074073,-0.0,False
acc_00803,0.0,0.0,0.2167476851851852,-0.0,False
acc_00804,0.0,0.0,0.2166435185185185,-0.0,False
acc_00805,0.0,0.0,0.21659722222222222,-0.0,False
acc_00806,0.0,0.0,0.21623842592592593,-0.0,False
acc_00807,0.0,0.0,0.21619212962962964,-0.0,False
acc_00808,0.0,0.0,0.21503472222222222,-0.0,False
acc_00809,0.0,0.0,0.2142013888888889,-0.0,False
acc_00810,44.816183621863445,2.4599472269428087,0.21385416666666668,-0.0,False
acc_00811,0.0,0.0,0.21385416666666668,-0.0,False
acc_00812,0.0,0.0,0.21383101851851852,-0.0,False
acc_00813,48.0,0.7071067811865477,0.21325231481481483,-0.0,False
acc_00814,0.0,0.0,0.21234953703703704,-0.0,False
acc_00815,0.0,0.0,0.2116550925925926,-0.0,False
acc_00816,0.0,0.0,0.21136574074074074,-0.0,False
acc_00817,26.633785450061655,0.7071067811865477,0.21069444444444443,-0.0,False
acc_00818,0.0,0.0,0.2101851851851852,-0.0,False
acc_00819,48.0,0.7071067811865476,0.20988425925925927,-0.0,False
acc_00820,0.0,0.0,0.20912037037037037,-0.0,False
acc_00821,0.0,0.0,0.20905092592592592,-0.0,False
acc_00822,0.0,0.0,0.2089699074074074,-0.0,False
acc_00823,0.0,0.0,0.20859953703703704,-0.0,False
acc_00824,0.0,0.0,0.2079050925925926,-0.0,False
acc_00825,35.5044175056503,0.7071067811865475,0.20741898148148147,-0.0,False
acc_00826,0.0,0.0,0.20666666666666667,-0.0,False
acc_00827,35.73940020682524,1.7022270072421657,0.2063888888888889,-0.0,False
acc_00828,48.0,0.7071067811865475,0.20614583333333333,-0.0,False
acc_00829,0.0,0.0,0.20516203703703703,-0.0,False
acc_00830,0.0,0.0,0.20505787037037038,-0.0,False
acc_00831,28.13782322673093,1.4278454318175156,0.20497685185185185,-0.0,False
acc_00832,0.0,0.0,0.20484953703703704,-0.0,False
acc_00833,11.081895722439556,0.7071067811865475,0.20435185185185184,-0.0,False
acc_00834,0.0,0.0,0.20359953703703704,-0.0,False
acc_00835,0.0,0.0,0.20353009259259258,-0.0,False
acc_00836,0.0,0.0,0.2031712962962963,-0.0,False
acc_00837,0.0,0.0,0.2031712962962963,-0.0,False
acc_00838,45.42586750788644,1.1547005383792506,0.2020486111111111,-0.0,False
acc_00839,0.0,0.0,0.20163194444444443,-0.0,False
acc_00840,0.0,0.0,0.20142361111111112,-0.0,False
acc_00841,0.0,0.0,0.20140046296296296,-0.0,False
acc_00842,0.0,0.0,0.2013425925925926,-0.0,False
acc_00843,12.546286212154214,0.7071067811865475,0.20122685185185185,1.0,False
acc_00844,24.103780164597573,0.7071067811865476,0.20086805555555556,-0.0,False
acc_00845,0.0,0.0,0.20064814814814816,-0.0,False
acc_00846,0.0,0.0,0.20056712962962964,-0.0,False
acc_00847,0.0,0.0,0.20025462962962962,-0.0,False
acc_00848,0.0,0.0,0.19995370370370372,-0.0,False
acc_00849,22.926893989651056,0.0,0.1998263888888889,-0.0,False
acc_00850,0.0,0.0,0.19966435185185186,-0.0,False
acc_00851,0.0,0.0,0.19896990740740741,-0.0,False
acc_00852,48.0,0.7071067811865475,0.19787037037037036,-0.0,False
acc_00853,0.0,0.0,0.1974189814814815,-0.0,False
acc_00854,0.0,0.0,0.19679398148148147,-0.0,False
acc_00855,15.010423905489922,0.7071067811865476,0.1957986111111111,-0.0,False
acc_00856,0.0,0.0,0.1957523148148148,-0.0,False
acc_00857,0.0,0.0,0.1954050925925926,-0.0,False
acc_00858,0.0,0.0,0.19515046296296296,-0.0,False
acc_00859,0.0,0.0,0.19501157407407407,-0.0,False
acc_00860,0.0,0.0,0.1936226851851852,-0.0,False
acc_00861,48.0,0.7071067811865476,0.19328703703703703,-0.0,False
acc_00862,22.035195103289976,1.4972206428130967,0.19315972222222222,0.8112781244591328,False
acc_00863,0.0,0.0,0.19305555555555556,-0.0,False
acc_00864,35.80110497237569,1.4990374123958305,0.1922685185185185,-0.0,False
acc_00865,0.0,0.0,0.1922337962962963,-0.0,False
acc_00866,0.0,0.0,0.19128472222222223,-0.0,False
acc_00867,0.0,0.0,0.19096064814814814,-0.0,False
acc_00868,47.79642264429283,1.0255733046241544,0.19083333333333333,-0.0,False
acc_00869,0.0,0.0,0.19046296296296297,-0.0,False
acc_00870,30.5894848645778,1.5,0.19003472222222223,-0.0,False
acc_00871,0.0,0.0,0.18983796296296296,-0.0,False
acc_00872,0.0,0.0,0.18962962962962962,-0.0,False
acc_00873,0.0,0.0,0.18924768518518517,-0.0,False
acc_00874,0.0,0.0,0.18828703703703703,-0.0,False
acc_00875,27.8059377262853,1.1781974975787222,0.18784722222222222,1.5,False
acc_00876,0.0,0.0,0.18693287037037037,-0.0,False
acc_00877,0.0,0.0,0.18658564814814815,-0.0,False
acc_00878,0.0,0.0,0.18638888888888888,-0.0,False
acc_00879,19.622984328866682,0.7071067811865508,0.18612268518518518,-0.0,False
acc_00880,0.0,0.0,0.1855324074074074,-0.0,False
acc_00881,0.0,0.0,0.18518518518518517,-0.0,False
acc_00882,0.0,0.0,0.18395833333333333,-0.0,False
acc_00883,0.0,0.0,0.18358796296296295,-0.0,False
acc_00884,96.0,1.4682857089830859,0.1833101851851852,-0.0,False
acc_00885,0.0,0.0,0.18322916666666667,-0.0,False
acc_00886,0.0,0.0,0.18204861111111112,-0.0,False
acc_00887,48.0,0.0,0.18094907407407407,-0.0,False
acc_00888,0.0,0.0,0.18069444444444444,-0.0,False
acc_00889,19.284279443493787,1.018704574062237,0.18063657407407407,-0.0,False
acc_00890,0.0,0.0,0.1793287037037037,-0.0,False
acc_00891,0.0,0.0,0.17895833333333333,-0.0,False
acc_00892,0.0,0.0,0.17854166666666665,-0.0,False
acc_00893,20.689655172413794,0.7071067811865475,0.1781712962962963,-0.0,False
acc_00894,12.029237730595197,0.7071067811865475,0.17810185185185184,-0.0,False
acc_00895,0.0,0.0,0.1774074074074074,-0.0,False
acc_00896,44.45587856959094,0.7071067811865475,0.17693287037037037,-0.0,False
acc_00897,0.0,0.0,0.1764814814814815,-0.0,False
acc_00898,0.0,0.0,0.17635416666666667,-0.0,False
acc_00899,0.0,0.0,0.17625,-0.0,False
acc_00900,0.0,0.0,0.1755787037037037,-0.0,False
acc_00901,0.0,0.0,0.17550925925925925,-0.0,False
acc_00902,19.76212259835316,0.7071067811865475,0.17515046296296297,-0.0,False
acc_00903,48.0,0.0,0.17498842592592592,-0.0,False
acc_00904,0.0,0.0,0.17443287037037036,-0.0,False
acc_00905,0.0,0.0,0.17402777777777778,-0.0,False
acc_00906,0.0,0.0,0.17399305555555555,-0.0,False
acc_00907,48.0,0.7071067811865475,0.17359953703703704,-0.0,True
acc_00908,0.0,0.0,0.4870717592592593,-0.0,False
acc_00909,0.0,0.0,0.17244212962962963,-0.0,False
acc_00910,0.0,0.0,0.17164351851851853,-0.0,False
acc_00911,0.0,0.0,0.1715162037037037,-0.0,False
acc_00912,25.98496240601504,0.7071067811865475,0.17148148148148148,-0.0,False
acc_00913,0.0,0.0,0.17122685185185185,-0.0,False
acc_00914,0.0,0.0,0.17052083333333334,-0.0,False
acc_00915,0.0,0.0,0.1698263888888889,-0.0,False
acc_00916,20.327020350546995,0.7071067811865476,0.16761574074074073,-0.0,False
acc_00917,0.0,0.0,0.16745370370370372,-0.0,False
acc_00918,72.0,1.1278770679022612,0.4870023148148148,0.9182958340544896,False
acc_00919,30.959419510884175,1.356236305080944,0.16439814814814815,-0.0,False
acc_00920,0.0,0.0,0.16408564814814816,-0.0,False
acc_00921,0.0,0.0,0.16395833333333334,-0.0,False
acc_00922,192.0,0.0,0.16333333333333333,-0.0,False
acc_00923,0.0,0.0,0.16274305555555554,-0.0,False
acc_00924,0.0,0.0,0.1623263888888889,-0.0,False
acc_00925,0.0,0.0,0.16224537037037037,-0.0,False
acc_00926,0.0,0.0,0.16064814814814815,-0.0,False
acc_00927,0.0,0.0,0.15969907407407408,-0.0,False
acc_00928,35.2221769262128,0.7071067811865475,0.1595023148148148,1.0,False
acc_00929,39.48811700182815,0.7071067811865475,0.15877314814814814,-0.0,False
acc_00930,0.0,0.0,0.1584837962962963,-0.0,False
acc_00931,0.0,0.0,0.1584837962962963,-0.0,True
acc_00932,13.559322033898306,0.0,0.1582986111111111,-0.0,False
acc_00933,0.0,0.0,0.15769675925925927,-0.0,False
acc_00934,16.261998870694523,0.7071067811865475,0.1575,1.0,False
acc_00935,48.0,0.7071067811865481,0.15726851851851853,-0.0,False
acc_00936,48.0,0.0,0.15703703703703703,-0.0,True
acc_00937,0.0,0.0,0.15643518518518518,-0.0,False
acc_00938,0.0,0.0,0.15636574074074075,-0.0,False
acc_00939,0.0,0.0,0.1556712962962963,-0.0,False
acc_00940,0.0,0.0,0.1556712962962963,-0.0,False
acc_00941,0.0,0.0,0.1555787037037037,-0.0,False
acc_00942,0.0,0.0,0.1554976851851852,-0.0,False
acc_00943,0.0,0.0,0.1550925925925926,-0.0,False
acc_00944,0.0,0.0,0.15498842592592593,-0.0,False
acc_00945,0.0,0.0,0.1549074074074074,-0.0,False
acc_00946,0.0,0.0,0.15472222222222223,-0.0,False
acc_00947,0.0,0.0,0.15412037037037038,-0.0,False
acc_00948,0.0,0.0,0.15362268518518518,-0.0,False
acc_00949,42.514454422438185,1.3467118986351176,0.15306712962962962,0.8112781244591328,True
acc_00950,0.0,0.0,0.15300925925925926,-0.0,False
acc_00951,34.62925851703407,1.154700538379252,0.1528125,-0.0,False
acc_00952,24.37693971597856,1.1240643517737927,0.15159722222222222,-0.0,False
acc_00953,54.536847088527686,1.2530162860874947,0.1511574074074074,-0.0,False
acc_00954,48.0,0.0,0.15112268518518518,-0.0,False
acc_00955,0.0,0.0,0.15068287037037037,-0.0,False
acc_00956,0.0,0.0,0.15056712962962962,-0.0,False
acc_00957,44.22453506227606,1.149151601851823,0.15047453703703703,-0.0,False
acc_00958,0.0,0.0,0.1502314814814815,-0.0,False
acc_00959,98.67519415258108,1.7881123801957464,0.14982638888888888,0.9709505944546686,False
acc_00960,0.0,0.0,0.14930555555555555,-0.0,False
acc_00961,0.0,0.0,0.1481134259259259,-0.0,False
acc_00962,0.0,0.0,0.1478587962962963,-0.0,False
acc_00963,0.0,0.0,0.14775462962962962,-0.0,False
acc_00964,0.0,0.0,0.14766203703703704,-0.0,False
acc_00965,0.0,0.0,0.14760416666666668,-0.0,False
acc_00966,0.0,0.0,0.14730324074074075,-0.0,False
acc_00967,0.0,0.0,0.1469212962962963,-0.0,False
acc_00968,0.0,0.0,0.1452314814814815,-0.0,False
acc_00969,0.0,0.0,0.14505787037037038,-0.0,False
acc_00970,48.0,0.7071067811865476,0.14456018518518518,-0.0,False
acc_00971,0.0,0.0,0.14248842592592592,-0.0,False
acc_00972,33.62521891418564,0.7071067811865476,0.14232638888888888,-0.0,False
acc_00973,0.0,0.0,0.14184027777777777,-0.0,False
acc_00974,0.0,0.0,0.1409490740740741,-0.0,False
acc_00975,48.0,0.0,0.1404513888888889,-0.0,False
acc_00976,21.09632523501404,0.7071067811865476,0.14025462962962962,-0.0,False
acc_00977,0.0,0.0,0.13931712962962964,-0.0,False
acc_00978,0.0,0.0,0.13929398148148148,-0.0,False
acc_00979,0.0,0.0,0.13922453703703705,-0.0,False
acc_00980,15.29203539823009,0.7071067811865475,0.13908564814814814,-0.0,False
acc_00981,0.0,0.0,0.13895833333333332,-0.0,False
acc_00982,0.0,0.0,0.13892361111111112,-0.0,False
acc_00983,0.0,0.0,0.13891203703703703,-0.0,False
acc_00984,0.0,0.0,0.13873842592592592,-0.0,False
acc_00985,0.0,0.0,0.1387037037037037,-0.0,False
acc_00986,0.0,0.0,0.13844907407407409,-0.0,False
acc_00987,0.0,0.0,0.13804398148148148,-0.0,False
acc_00988,0.0,0.0,0.1378587962962963,-0.0,False
acc_00989,0.0,0.0,0.13769675925925925,-0.0,False
acc_00990,0.0,0.0,0.13658564814814814,-0.0,False
acc_00991,48.0,0.7071067811865479,0.13645833333333332,-0.0,False
acc_00992,0.0,0.0,0.1362962962962963,-0.0,False
acc_00993,0.0,0.0,0.13563657407407406,-0.0,False
acc_00994,15.904279797514958,0.7071067811865476,0.13429398148148147,-0.0,False
acc_00995,0.0,0.0,0.13427083333333334,-0.0,False
acc_00996,0.0,0.0,0.1340162037037037,-0.0,False
acc_00997,0.0,0.0,0.1339699074074074,-0.0,False
acc_00998,0.0,0.0,0.13346064814814815,-0.0,False
acc_00999,0.0,0.0,0.1332986111111111,-0.0,False
acc_01000,0.0,0.0,0.13265046296296296,-0.0,False
acc_01001,0.0,0.0,0.13246527777777778,-0.0,False
acc_01002,0.0,0.0,0.13104166666666667,-0.0,False
acc_01003,0.0,0.0,0.1308912037037037,-0.0,False
acc_01004,0.0,0.0,0.13069444444444445,-0.0,False
acc_01005,0.0,0.0,0.12997685185185184,-0.0,False
acc_01006,48.0,0.0,0.12967592592592592,-0.0,False
acc_01007,20.027816411682892,0.7071067811865476,0.12944444444444445,-0.0,False
acc_01008,0.0,0.0,0.12899305555555557,-0.0,False
acc_01009,0.0,0.0,0.12894675925925925,-0.0,False
acc_01010,0.0,0.0,0.12871527777777778,-0.0,False
acc_01011,0.0,0.0,0.12768518518518518,-0.0,False
acc_01012,0.0,0.0,0.12748842592592594,-0.0,False
acc_01013,0.0,0.0,0.12741898148148148,-0.0,False
acc_01014,0.0,0.0,0.1271875,-0.0,False
acc_01015,0.0,0.0,0.12708333333333333,-0.0,False
acc_01016,0.0,0.0,0.12614583333333335,-0.0,False
acc_01017,48.0,0.7071067811865476,0.12611111111111112,1.0,False
acc_01018,0.0,0.0,0.1260763888888889,-0.0,False
acc_01019,0.0,0.0,0.12585648148148149,-0.0,False
acc_01020,48.0,0.7071067811865477,0.12574074074074074,-0.0,False
acc_01021,18.227848101265824,0.7071067811865475,0.12524305555555557,-0.0,False
acc_01022,0.0,0.0,0.12497685185185185,-0.0,False
acc_01023,0.0,0.0,0.12486111111111112,-0.0,False
acc_01024,0.0,0.0,0.12466435185185185,-0.0,False
acc_01025,0.0,0.0,0.12444444444444444,-0.0,False
acc_01026,0.0,0.0,0.12413194444444445,-0.0,False
acc_01027,0.0,0.0,0.1240162037037037,-0.0,False
acc_01028,0.0,0.0,0.12380787037037037,-0.0,False
acc_01029,0.0,0.0,0.12376157407407408,-0.0,False
acc_01030,0.0,0.0,0.1237037037037037,-0.0,False
acc_01031,0.0,0.0,0.12365740740740741,-0.0,False
acc_01032,48.0,0.0,0.48689814814814814,-0.0,False
acc_01033,0.0,0.0,0.12331018518518519,-0.0,False
acc_01034,42.81466798810704,1.5251695050243488,0.12299768518518518,-0.0,False
acc_01035,0.0,0.0,0.12288194444444445,-0.0,False
acc_01036,0.0,0.0,0.12275462962962963,-0.0,False
acc_01037,0.0,0.0,0.12255787037037037,-0.0,False
acc_01038,0.0,0.0,0.12240740740740741,-0.0,False
acc_01039,0.0,0.0,0.12234953703703703,-0.0,False
acc_01040,0.0,0.0,0.12231481481481482,-0.0,False
acc_01041,48.0,0.7071067811865476,0.12222222222222222,-0.0,False
acc_01042,0.0,0.0,0.12100694444444444,-0.0,False
acc_01043,0.0,0.0,0.1209375,-0.0,False
acc_01044,0.0,0.0,0.12089120370370371,-0.0,False
acc_01045,37.2093023255814,0.7071067811865476,0.12053240740740741,-0.0,False
acc_01046,0.0,0.0,0.12039351851851852,-0.0,False
acc_01047,0.0,0.0,0.12038194444444444,-0.0,False
acc_01048,0.0,0.0,0.12,-0.0,False
acc_01049,48.0,0.7071067811865476,0.1196875,-0.0,True
acc_01050,0.0,0.0,0.11945601851851852,-0.0,False
acc_01051,32.23880597014925,1.1534417330510294,0.11943287037037037,-0.0,False
acc_01052,0.0,0.0,0.11936342592592593,-0.0,False
acc_01053,0.0,0.0,0.11832175925925927,-0.0,False
acc_01054,0.0,0.0,0.11811342592592593,-0.0,False
acc_01055,0.0,0.0,0.11773148148148148,-0.0,False
acc_01056,0.0,0.0,0.11762731481481481,-0.0,False
acc_01057,0.0,0.0,0.11736111111111111,-0.0,False
acc_01058,0.0,0.0,0.11726851851851852,-0.0,False
acc_01059,0.0,0.0,0.11721064814814815,-0.0,False
acc_01060,0.0,0.0,0.11707175925925926,-0.0,False
acc_01061,0.0,0.0,0.11641203703703704,-0.0,False
acc_01062,0.0,0.0,0.11633101851851851,-0.0,False
acc_01063,0.0,0.0,0.11583333333333333,-0.0,False
acc_01064,0.0,0.0,0.11582175925925926,-0.0,False
acc_01065,0.0,0.0,0.11574074074074074,-0.0,False
acc_01066,31.899575410743957,0.7071067811865479,0.11561342592592593,-0.0,True
acc_01067,0.0,0.0,0.11561342592592593,-0.0,False
acc_01068,0.0,0.0,0.11535879629629629,-0.0,False
acc_01069,0.0,0.0,0.11520833333333333,-0.0,False
acc_01070,0.0,0.0,0.11513888888888889,-0.0,False
acc_01071,0.0,0.0,0.11484953703703704,-0.0,False
acc_01072,0.0,0.0,0.11452546296296297,-0.0,False
acc_01073,23.24142568930733,0.7071067811865476,0.11380787037037036,1.0,False
acc_01074,40.20474639367147,1.1547005383792526,0.11378472222222222,-0.0,False
acc_01075,0.0,0.0,0.11280092592592593,-0.0,False
acc_01076,0.0,0.0,0.7124074074074074,-0.0,False
acc_01077,0.0,0.0,0.11190972222222222,-0.0,False
acc_01078,0.0,0.0,0.11152777777777778,-0.0,False
acc_01079,48.0,0.7071067811865476,0.11118055555555556,-0.0,False
acc_01080,48.0,0.7071067811865475,0.11054398148148148,-0.0,True
acc_01081,0.0,0.0,0.1104861111111111,-0.0,False
acc_01082,0.0,0.0,0.1091550925925926,-0.0,False
acc_01083,0.0,0.0,0.10914351851851851,-0.0,False
acc_01084,0.0,0.0,0.10913194444444445,-0.0,False
acc_01085,0.0,0.0,0.10908564814814815,-0.0,False
acc_01086,0.0,0.0,0.10829861111111111,-0.0,False
acc_01087,48.0,0.7071067811865476,0.10810185185185185,-0.0,True
acc_01088,0.0,0.0,0.10770833333333334,-0.0,False
acc_01089,0.0,0.0,0.10754629629629629,-0.0,False
acc_01090,0.0,0.0,0.10734953703703703,-0.0,False
acc_01091,0.0,0.0,0.7110416666666667,-0.0,False
acc_01092,0.0,0.0,0.10604166666666667,-0.0,False
acc_01093,29.793103448275858,0.7071067811865488,0.10572916666666667,-0.0,False
acc_01094,0.0,0.0,0.10532407407407407,-0.0,False
acc_01095,0.0,0.0,0.10530092592592592,-0.0,False
acc_01096,0.0,0.0,0.6738773148148148,-0.0,False
acc_01097,0.0,0.0,0.10524305555555556,-0.0,False
acc_01098,72.0,1.1547005383792524,0.10518518518518519,0.9182958340544896,False
acc_01099,0.0,0.0,0.10511574074074075,-0.0,False
acc_01100,0.0,0.0,0.10408564814814815,-0.0,False
acc_01101,0.0,0.0,0.1039236111111111,-0.0,False
acc_01102,0.0,0.0,0.1038425925925926,-0.0,False
acc_01103,0.0,0.0,0.10349537037037038,-0.0,False
acc_01104,48.0,0.7071067811865475,0.10320601851851852,-0.0,False
acc_01105,0.0,0.0,0.10298611111111111,-0.0,False
acc_01106,0.0,0.0,0.10209490740740741,-0.0,False
acc_01107,0.0,0.0,0.10153935185185185,-0.0,False
acc_01108,0.0,0.0,0.10146990740740741,-0.0,False
acc_01109,0.0,0.0,0.1012962962962963,-0.0,False
acc_01110,0.0,0.0,0.10083333333333333,-0.0,False
acc_01111,0.0,0.0,0.10075231481481481,-0.0,False
acc_01112,0.0,0.0,0.10074074074074074,-0.0,False
acc_01113,0.0,0.0,0.09986111111111111,-0.0,True
acc_01114,0.0,0.0,0.0996875,-0.0,False
acc_01115,0.0,0.0,0.0992824074074074,-0.0,False
acc_01116,0.0,0.0,0.09922453703703704,-0.0,False
acc_01117,0.0,0.0,0.09909722222222223,-0.0,False
acc_01118,48.0,0.7071067811865476,0.09818287037037036,-0.0,False
acc_01119,0.0,0.0,0.0979513888888889,-0.0,False
acc_01120,0.0,0.0,0.09789351851851852,-0.0,False
acc_01121,0.0,0.0,0.09729166666666667,-0.0,False
acc_01122,44.7900466562986,1.5,0.09697916666666667,-0.0,False
acc_01123,0.0,0.0,0.09696759259259259,-0.0,False
acc_01124,0.0,0.0,0.09686342592592592,-0.0,False
acc_01125,0.0,0.0,0.09662037037037037,-0.0,False
acc_01126,96.0,0.8660254037844387,0.09638888888888889,-0.0,False
acc_01127,0.0,0.0,0.0959375,-0.0,False
acc_01128,0.0,0.0,0.09581018518518518,-0.0,False
acc_01129,0.0,0.0,0.095,-0.0,False
acc_01130,0.0,0.0,0.0949537037037037,-0.0,False
acc_01131,48.0,0.7071067811865476,0.09491898148148148,-0.0,False
acc_01132,0.0,0.0,0.0944212962962963,-0.0,False
acc_01133,72.0,1.1547005383792515,0.09407407407407407,-0.0,False
acc_01134,0.0,0.0,0.09350694444444445,-0.0,False
acc_01135,32.387854554542045,1.153061475578369,0.09314814814814815,-0.0,False
acc_01136,0.0,0.0,0.0920138888888889,-0.0,False
acc_01137,0.0,0.0,0.09174768518518518,-0.0,False
acc_01138,0.0,0.0,0.09043981481481482,-0.0,False
acc_01139,0.0,0.0,0.09033564814814815,-0.0,False
acc_01140,0.0,0.0,0.09008101851851852,-0.0,False
acc_01141,0.0,0.0,0.08997685185185185,-0.0,False
acc_01142,0.0,0.0,0.08969907407407407,-0.0,False
acc_01143,0.0,0.0,0.08922453703703703,-0.0,False
acc_01144,0.0,0.0,0.08914351851851852,-0.0,False
acc_01145,48.0,0.0,0.08909722222222222,-0.0,False
acc_01146,0.0,0.0,0.08902777777777778,-0.0,False
acc_01147,0.0,0.0,0.08851851851851852,-0.0,False
acc_01148,0.0,0.0,0.0882175925925926,-0.0,False
acc_01149,0.0,0.0,0.0881712962962963,-0.0,False
acc_01150,0.0,0.0,0.08814814814814814,-0.0,False
acc_01151,0.0,0.0,0.08802083333333334,-0.0,False
acc_01152,0.0,0.0,0.08782407407407407,-0.0,False
acc_01153,48.0,0.0,0.08752314814814814,-0.0,False
acc_01154,0.0,0.0,0.08719907407407407,-0.0,False
acc_01155,0.0,0.0,0.0871412037037037,-0.0,False
acc_01156,48.0,0.0,0.08708333333333333,-0.0,False
acc_01157,0.0,0.0,0.08702546296296296,-0.0,False
acc_01158,0.0,0.0,0.7076851851851852,-0.0,False
acc_01159,0.0,0.0,0.08609953703703704,-0.0,False
acc_01160,48.0,0.7071067811865477,0.08574074074074074,-0.0,False
acc_01161,0.0,0.0,0.08545138888888888,-0.0,False
acc_01162,0.0,0.0,0.08405092592592593,-0.0,False
acc_01163,0.0,0.0,0.08403935185185185,-0.0,False
acc_01164,0.0,0.0,0.08398148148148148,-0.0,False
acc_01165,0.0,0.0,0.08354166666666667,-0.0,False
acc_01166,0.0,0.0,0.08350694444444444,-0.0,False
acc_01167,38.90139576767222,0.7071067811865477,0.08346064814814814,-0.0,False
acc_01168,0.0,0.0,0.08334490740740741,-0.0,False
acc_01169,0.0,0.0,0.08273148148148148,-0.0,False
acc_01170,0.0,0.0,0.08251157407407407,-0.0,False
acc_01171,0.0,0.0,0.554837962962963,-0.0,False
acc_01172,0.0,0.0,0.08246527777777778,-0.0,False
acc_01173,0.0,0.0,0.08210648148148147,-0.0,False
acc_01174,0.0,0.0,0.08167824074074075,-0.0,False
acc_01175,0.0,0.0,0.08138888888888889,-0.0,False
acc_01176,0.0,0.0,0.08127314814814815,-0.0,False
acc_01177,0.0,0.0,0.08120370370370371,-0.0,False
acc_01178,0.0,0.0,0.08108796296296296,-0.0,False
acc_01179,0.0,0.0,0.08104166666666666,-0.0,False
acc_01180,0.0,0.0,0.08070601851851852,-0.0,False
acc_01181,0.0,0.0,0.08030092592592593,-0.0,False
acc_01182,48.0,0.7071067811865476,0.08011574074074074,-0.0,False
acc_01183,48.0,0.7071067811865476,0.07930555555555556,1.0,False
acc_01184,0.0,0.0,0.07925925925925927,-0.0,False
acc_01185,0.0,0.0,0.07855324074074074,-0.0,False
acc_01186,0.0,0.0,0.07851851851851852,-0.0,False
acc_01187,0.0,0.0,0.07824074074074074,-0.0,False
acc_01188,0.0,0.0,0.07773148148148148,-0.0,False
acc_01189,0.0,0.0,0.07766203703703704,-0.0,False
acc_01190,48.0,0.7071067811865476,0.07740740740740741,-0.0,True
acc_01191,0.0,0.0,0.0770138888888889,-0.0,False
acc_01192,0.0,0.0,0.07668981481481481,-0.0,False
acc_01193,0.0,0.0,0.07643518518518519,-0.0,False
acc_01194,0.0,0.0,0.07642361111111111,-0.0,False
acc_01195,0.0,0.0,0.07509259259259259,-0.0,False
acc_01196,0.0,0.0,0.07496527777777778,-0.0,False
acc_01197,0.0,0.0,0.07491898148148148,-0.0,False
acc_01198,0.0,0.0,0.07472222222222222,-0.0,False
acc_01199,0.0,0.0,0.07444444444444444,-0.0,False
acc_01200,0.0,0.0,0.07430555555555556,-0.0,False
acc_01201,0.0,0.0,0.07425925925925926,-0.0,False
acc_01202,0.0,0.0,0.07417824074074074,-0.0,False
acc_01203,0.0,0.0,0.07403935185185186,-0.0,False
acc_01204,0.0,0.0,0.0739699074074074,-0.0,False
acc_01205,0.0,0.0,0.07390046296296296,-0.0,False
acc_01206,0.0,0.0,0.07381944444444444,-0.0,False
acc_01207,0.0,0.0,0.07354166666666667,-0.0,False
acc_01208,0.0,0.0,0.07311342592592593,-0.0,False
acc_01209,33.122484186313976,0.7071067811865476,0.07278935185185186,-0.0,False
acc_01210,0.0,0.0,0.0724074074074074,-0.0,False
acc_01211,0.0,0.0,0.07238425925925926,-0.0,False
acc_01212,0.0,0.0,0.07214120370370371,-0.0,False
acc_01213,48.0,0.0,0.07185185185185185,-0.0,False
acc_01214,0.0,0.0,0.07177083333333334,-0.0,False
acc_01215,0.0,0.0,0.07143518518518518,-0.0,False
acc_01216,0.0,0.0,0.0707175925925926,-0.0,False
acc_01217,0.0,0.0,0.07012731481481481,-0.0,False
acc_01218,0.0,0.0,0.06994212962962963,-0.0,False
acc_01219,0.0,0.0,0.06991898148148148,-0.0,False
acc_01220,0.0,0.0,0.06952546296296297,-0.0,False
acc_01221,0.0,0.0,0.06950231481481481,-0.0,False
acc_01222,0.0,0.0,0.0688425925925926,-0.0,False
acc_01223,0.0,0.0,0.06850694444444444,-0.0,False
acc_01224,0.0,0.0,0.06824074074074074,-0.0,False
acc_01225,0.0,0.0,0.06791666666666667,-0.0,False
acc_01226,0.0,0.0,0.06753472222222222,-0.0,False
acc_01227,0.0,0.0,0.06712962962962964,-0.0,False
acc_01228,48.0,0.7071067811865475,0.06686342592592592,-0.0,False
acc_01229,0.0,0.0,0.06682870370370371,-0.0,False
acc_01230,0.0,0.0,0.0666550925925926,-0.0,False
acc_01231,0.0,0.0,0.0659375,-0.0,False
acc_01232,0.0,0.0,0.06569444444444444,-0.0,False
acc_01233,0.0,0.0,0.0656712962962963,-0.0,False
acc_01234,0.0,0.0,0.06549768518518519,-0.0,False
acc_01235,0.0,0.0,0.06535879629629629,-0.0,False
acc_01236,0.0,0.0,0.06519675925925926,-0.0,False
acc_01237,0.0,0.0,0.06502314814814815,-0.0,False
acc_01238,0.0,0.0,0.06440972222222222,-0.0,False
acc_01239,72.0,0.0,0.06428240740740741,-0.0,False
acc_01240,0.0,0.0,0.06427083333333333,-0.0,False
acc_01241,48.0,0.7071067811865479,0.0634375,-0.0,False
acc_01242,0.0,0.0,0.06335648148148149,-0.0,False
acc_01243,0.0,0.0,0.06326388888888888,-0.0,False
acc_01244,0.0,0.0,0.06306712962962963,-0.0,False
acc_01245,0.0,0.0,0.06288194444444445,-0.0,True
acc_01246,72.0,1.154700538379251,0.06280092592592593,-0.0,False
acc_01247,0.0,0.0,0.06268518518518519,-0.0,False
acc_01248,96.0,1.5000000000000009,0.06222222222222222,-0.0,False
acc_01249,0.0,0.0,0.062094907407407404,-0.0,False
acc_01250,48.0,0.7071067811865476,0.061921296296296294,-0.0,False
acc_01251,0.0,0.0,0.06184027777777778,-0.0,False
acc_01252,0.0,0.0,0.06177083333333333,-0.0,False
acc_01253,0.0,0.0,0.06153935185185185,-0.0,False
acc_01254,0.0,0.0,0.06152777777777778,-0.0,False
acc_01255,0.0,0.0,0.06152777777777778,-0.0,False
acc_01256,0.0,0.0,0.06136574074074074,-0.0,False
acc_01257,0.0,0.0,0.06135416666666667,-0.0,False
acc_01258,96.0,1.2815111633665566,0.061307870370370374,-0.0,False
acc_01259,0.0,0.0,0.06126157407407407,-0.0,False
acc_01260,48.0,0.0,0.060648148148148145,-0.0,False
acc_01261,264.0,0.0,0.060613425925925925,-0.0,False
acc_01262,0.0,0.0,0.06039351851851852,-0.0,False
acc_01263,0.0,0.0,0.05978009259259259,-0.0,False
acc_01264,0.0,0.0,0.0596875,-0.0,False
acc_01265,0.0,0.0,0.058888888888888886,-0.0,False
acc_01266,0.0,0.0,0.05880787037037037,-0.0,False
acc_01267,0.0,0.0,0.05768518518518519,-0.0,False
acc_01268,0.0,0.0,0.05747685185185185,-0.0,False
acc_01269,0.0,0.0,0.05724537037037037,-0.0,False
acc_01270,0.0,0.0,0.057199074074074076,-0.0,False
acc_01271,0.0,0.0,0.05673611111111111,-0.0,False
acc_01272,0.0,0.0,0.05644675925925926,-0.0,False
acc_01273,0.0,0.0,0.056354166666666664,-0.0,False
acc_01274,0.0,0.0,0.056296296296296296,-0.0,False
acc_01275,0.0,0.0,0.055879629629629626,-0.0,False
acc_01276,0.0,0.0,0.055462962962962964,-0.0,False
acc_01277,0.0,0.0,0.0553125,-0.0,False
acc_01278,0.0,0.0,0.05465277777777778,-0.0,False
acc_01279,0.0,0.0,0.05458333333333333,-0.0,False
acc_01280,0.0,0.0,0.05413194444444445,-0.0,False
acc_01281,0.0,0.0,0.05403935185185185,-0.0,False
acc_01282,0.0,0.0,0.053773148148148146,-0.0,False
acc_01283,0.0,0.0,0.05340277777777778,-0.0,False
acc_01284,0.0,0.0,0.7076157407407407,-0.0,False
acc_01285,0.0,0.0,0.05174768518518519,-0.0,False
acc_01286,0.0,0.0,0.051284722222222225,-0.0,False
acc_01287,0.0,0.0,0.05075231481481481,-0.0,False
acc_01288,48.0,0.0,0.05037037037037037,-0.0,False
acc_01289,0.0,0.0,0.05023148148148148,-0.0,False
acc_01290,0.0,0.0,0.050011574074074076,-0.0,False
acc_01291,0.0,0.0,0.04998842592592593,-0.0,False
acc_01292,0.0,0.0,0.0499537037037037,-0.0,False
acc_01293,0.0,0.0,0.7069907407407408,-0.0,False
acc_01294,0.0,0.0,0.04954861111111111,-0.0,False
acc_01295,48.0,0.7071067811865475,0.04936342592592593,-0.0,False
acc_01296,0.0,0.0,0.04922453703703704,-0.0,False
acc_01297,0.0,0.0,0.04920138888888889,-0.0,False
acc_01298,0.0,0.0,0.04888888888888889,-0.0,False
acc_01299,0.0,0.0,0.04859953703703704,-0.0,False
acc_01300,0.0,0.0,0.04744212962962963,-0.0,True
acc_01301,0.0,0.0,0.04695601851851852,-0.0,False
acc_01302,0.0,0.0,0.046921296296296294,-0.0,False
acc_01303,47.76119402985074,0.0,0.046655092592592595,-0.0,False
acc_01304,48.0,0.0,0.046608796296296294,-0.0,False
acc_01305,0.0,0.0,0.04658564814814815,-0.0,False
acc_01306,0.0,0.0,0.045752314814814815,-0.0,False
acc_01307,72.0,1.1547005383792515,0.045474537037037036,-0.0,False
acc_01308,0.0,0.0,0.04538194444444445,-0.0,False
acc_01309,0.0,0.0,0.7047106481481481,-0.0,False
acc_01310,0.0,0.0,0.04524305555555556,-0.0,False
acc_01311,0.0,0.0,0.04474537037037037,-0.0,False
acc_01312,0.0,0.0,0.044675925925925924,-0.0,False
acc_01313,0.0,0.0,0.04428240740740741,-0.0,True
acc_01314,0.0,0.0,0.044224537037037034,-0.0,False
acc_01315,0.0,0.0,0.043819444444444446,-0.0,False
acc_01316,0.0,0.0,0.043680555555555556,-0.0,False
acc_01317,0.0,0.0,0.043298611111111114,-0.0,False
acc_01318,0.0,0.0,0.0431712962962963,-0.0,False
acc_01319,0.0,0.0,0.04310185185185185,-0.0,False
acc_01320,48.0,0.7071067811865476,0.04282407407407408,-0.0,False
acc_01321,48.0,0.0,0.041979166666666665,-0.0,False
acc_01322,0.0,0.0,0.041400462962962965,-0.0,False
acc_01323,0.0,0.0,0.04130787037037037,-0.0,False
acc_01324,0.0,0.0,0.041296296296296296,-0.0,False
acc_01325,0.0,0.0,0.04114583333333333,-0.0,False
acc_01326,48.0,0.7071067811865476,0.646099537037037,-0.0,False
acc_01327,0.0,0.0,0.040914351851851855,-0.0,False
acc_01328,0.0,0.0,0.040636574074074075,-0.0,False
acc_01329,0.0,0.0,0.040324074074074075,-0.0,False
acc_01330,0.0,0.0,0.03989583333333333,-0.0,False
acc_01331,0.0,0.0,0.03988425925925926,-0.0,False
acc_01332,48.0,0.7071067811865477,0.03981481481481482,-0.0,True
acc_01333,0.0,0.0,0.03980324074074074,-0.0,False
acc_01334,0.0,0.0,0.4811111111111111,-0.0,False
acc_01335,0.0,0.0,0.03923611111111111,-0.0,False
acc_01336,48.0,0.7071067811865528,0.03922453703703704,-0.0,False
acc_01337,0.0,0.0,0.03912037037037037,-0.0,False
acc_01338,0.0,0.0,0.03895833333333333,-0.0,False
acc_01339,0.0,0.0,0.03883101851851852,-0.0,False
acc_01340,0.0,0.0,0.03872685185185185,-0.0,False
acc_01341,0.0,0.0,0.03792824074074074,-0.0,False
acc_01342,48.0,0.7071067811865475,0.03789351851851852,-0.0,False
acc_01343,0.0,0.0,0.036863425925925924,-0.0,False
acc_01344,0.0,0.0,0.504837962962963,-0.0,False
acc_01345,0.0,0.0,0.03633101851851852,-0.0,False
acc_01346,0.0,0.0,0.03584490740740741,-0.0,False
acc_01347,0.0,0.0,0.03584490740740741,-0.0,False
acc_01348,0.0,0.0,0.03553240740740741,-0.0,False
acc_01349,0.0,0.0,0.035520833333333335,-0.0,False
acc_01350,0.0,0.0,0.03466435185185185,-0.0,False
acc_01351,0.0,0.0,0.0340162037037037,-0.0,False
acc_01352,0.0,0.0,0.033680555555555554,-0.0,False
acc_01353,0.0,0.0,0.03333333333333333,-0.0,False
acc_01354,48.0,0.0,0.03325231481481482,-0.0,False
acc_01355,0.0,0.0,0.03288194444444444,-0.0,False
acc_01356,0.0,0.0,0.03280092592592593,-0.0,False
acc_01357,0.0,0.0,0.032581018518518516,-0.0,False
acc_01358,0.0,0.0,0.03252314814814815,-0.0,False
acc_01359,0.0,0.0,0.03194444444444444,-0.0,False
acc_01360,0.0,0.0,0.03179398148148148,-0.0,False
acc_01361,0.0,0.0,0.03177083333333333,-0.0,False
acc_01362,0.0,0.0,0.031608796296296295,-0.0,False
acc_01363,0.0,0.0,0.031377314814814816,-0.0,False
acc_01364,0.0,0.0,0.03136574074074074,-0.0,False
acc_01365,48.0,0.7071067811865476,0.031342592592592596,-0.0,False
acc_01366,0.0,0.0,0.030844907407407408,-0.0,False
acc_01367,0.0,0.0,0.03040509259259259,-0.0,False
acc_01368,0.0,0.0,0.03040509259259259,-0.0,False
acc_01369,48.0,0.7071067811865475,0.03017361111111111,-0.0,False
acc_01370,0.0,0.0,0.029733796296296296,-0.0,False
acc_01371,0.0,0.0,0.029479166666666667,-0.0,False
acc_01372,0.0,0.0,0.02939814814814815,-0.0,False
acc_01373,0.0,0.0,0.028981481481481483,-0.0,False
acc_01374,0.0,0.0,0.028842592592592593,-0.0,False
acc_01375,0.0,0.0,0.028761574074074075,-0.0,False
acc_01376,0.0,0.0,0.028530092592592593,-0.0,False
acc_01377,96.0,0.8660254037844389,0.02803240740740741,-0.0,False
acc_01378,0.0,0.0,0.027800925925925927,-0.0,False
acc_01379,0.0,0.0,0.02763888888888889,-0.0,False
acc_01380,0.0,0.0,0.02736111111111111,-0.0,False
acc_01381,0.0,0.0,0.027083333333333334,-0.0,False
acc_01382,0.0,0.0,0.027060185185185184,-0.0,False
acc_01383,0.0,0.0,0.027025462962962963,-0.0,False
acc_01384,0.0,0.0,0.0259375,-0.0,False
acc_01385,0.0,0.0,0.025729166666666668,-0.0,False
acc_01386,0.0,0.0,0.02547453703703704,-0.0,False
acc_01387,0.0,0.0,0.02546296296296296,-0.0,False
acc_01388,48.0,0.0,0.025011574074074075,-0.0,False
acc_01389,0.0,0.0,0.024872685185185185,-0.0,False
acc_01390,0.0,0.0,0.0246875,-0.0,False
acc_01391,72.0,0.0,0.022939814814814816,-0.0,False
acc_01392,0.0,0.0,0.02287037037037037,-0.0,False
acc_01393,0.0,0.0,0.022766203703703705,-0.0,False
acc_01394,0.0,0.0,0.02172453703703704,-0.0,False
acc_01395,0.0,0.0,0.021666666666666667,-0.0,False
acc_01396,0.0,0.0,0.021458333333333333,-0.0,False
acc_01397,0.0,0.0,0.02068287037037037,-0.0,False
acc_01398,48.0,0.7071067811865475,0.02068287037037037,-0.0,False
acc_01399,0.0,0.0,0.02065972222222222,-0.0,False
acc_01400,0.0,0.0,0.02060185185185185,-0.0,False
acc_01401,0.0,0.0,0.019837962962962963,-0.0,False
acc_01402,0.0,0.0,0.01974537037037037,-0.0,False
acc_01403,0.0,0.0,0.01965277777777778,-0.0,False
acc_01404,0.0,0.0,0.01965277777777778,-0.0,False
acc_01405,0.0,0.0,0.019537037037037037,-0.0,False
acc_01406,0.0,0.0,0.019375,-0.0,False
acc_01407,0.0,0.0,0.019351851851851853,-0.0,False
acc_01408,0.0,0.0,0.017986111111111112,-0.0,False
acc_01409,0.0,0.0,0.017858796296296296,-0.0,False
acc_01410,0.0,0.0,0.017453703703703704,-0.0,False
acc_01411,0.0,0.0,0.017060185185185185,-0.0,False
acc_01412,0.0,0.0,0.016377314814814813,-0.0,False
acc_01413,0.0,0.0,0.01605324074074074,-0.0,False
acc_01414,0.0,0.0,0.015717592592592592,-0.0,False
acc_01415,0.0,0.0,0.015543981481481482,-0.0,False
acc_01416,0.0,0.0,0.015300925925925926,-0.0,False
acc_01417,0.0,0.0,0.015300925925925926,-0.0,False
acc_01418,0.0,0.0,0.015127314814814816,-0.0,False
acc_01419,0.0,0.0,0.014513888888888889,-0.0,False
acc_01420,0.0,0.0,0.014189814814814815,-0.0,False
acc_01421,0.0,0.0,0.014178240740740741,-0.0,False
acc_01422,0.0,0.0,0.014166666666666666,-0.0,False
acc_01423,48.0,0.7071067811865476,0.01412037037037037,-0.0,False
acc_01424,0.0,0.0,0.013958333333333333,-0.0,False
acc_01425,0.0,0.0,0.013935185185185186,-0.0,False
acc_01426,0.0,0.0,0.578738425925926,-0.0,False
acc_01427,0.0,0.0,0.01380787037037037,-0.0,False
acc_01428,0.0,0.0,0.013680555555555555,-0.0,False
acc_01429,0.0,0.0,0.013194444444444444,-0.0,False
acc_01430,0.0,0.0,0.013009259259259259,-0.0,False
acc_01431,0.0,0.0,0.012939814814814815,-0.0,False
acc_01432,0.0,0.0,0.012743055555555556,-0.0,False
acc_01433,0.0,0.0,0.01244212962962963,-0.0,False
acc_01434,0.0,0.0,0.01224537037037037,-0.0,False
acc_01435,0.0,0.0,0.012141203703703704,-0.0,False
acc_01436,0.0,0.0,0.011724537037037037,-0.0,False
acc_01437,0.0,0.0,0.011574074074074073,-0.0,False
acc_01438,0.0,0.0,0.011412037037037037,-0.0,False
acc_01439,0.0,0.0,0.01085648148148148,-0.0,False
acc_01440,0.0,0.0,0.010717592592592593,-0.0,False
acc_01441,48.0,0.7071067811865475,0.010543981481481482,-0.0,False
acc_01442,0.0,0.0,0.010219907407407407,-0.0,False
acc_01443,0.0,0.0,0.010162037037037037,-0.0,False
acc_01444,0.0,0.0,0.008981481481481481,-0.0,False
acc_01445,0.0,0.0,0.008587962962962962,-0.0,False
acc_01446,0.0,0.0,0.008553240740740741,-0.0,False
acc_01447,0.0,0.0,0.008217592592592592,-0.0,False
acc_01448,0.0,0.0,0.479375,-0.0,False
acc_01449,0.0,0.0,0.007997685185185186,-0.0,False
acc_01450,0.0,0.0,0.007951388888888888,-0.0,False
acc_01451,0.0,0.0,0.007824074074074074,-0.0,False
acc_01452,0.0,0.0,0.007766203703703704,-0.0,False
acc_01453,0.0,0.0,0.007407407407407408,-0.0,False
acc_01454,0.0,0.0,0.007175925925925926,-0.0,False
acc_01455,0.0,0.0,0.006967592592592593,-0.0,False
acc_01456,0.0,0.0,0.006631944444444445,-0.0,False
acc_01457,0.0,0.0,0.006608796296296297,-0.0,False
acc_01458,0.0,0.0,0.006469907407407408,-0.0,False
acc_01459,48.0,0.7071067811865476,0.006423611111111111,-0.0,False
acc_01460,0.0,0.0,0.00625,-0.0,True
acc_01461,0.0,0.0,0.0060648148148148145,-0.0,False
acc_01462,0.0,0.0,0.005983796296296296,-0.0,False
acc_01463,0.0,0.0,0.005844907407407407,-0.0,False
acc_01464,0.0,0.0,0.005798611111111111,-0.0,False
acc_01465,48.0,0.0,0.005300925925925926,-0.0,False
acc_01466,0.0,0.0,0.0050578703703703706,-0.0,False
acc_01467,0.0,0.0,0.004224537037037037,-0.0,False
acc_01468,0.0,0.0,0.004131944444444444,-0.0,False
acc_01469,0.0,0.0,0.0040625,-0.0,False
acc_01470,0.0,0.0,0.004016203703703704,-0.0,False
acc_01471,48.0,0.0,0.003993055555555555,-0.0,False
acc_01472,0.0,0.0,0.003611111111111111,-0.0,False
acc_01473,0.0,0.0,0.003599537037037037,-0.0,False
acc_01474,0.0,0.0,0.003310185185185185,-0.0,False
acc_01475,0.0,0.0,0.003171296296296296,-0.0,False
acc_01476,0.0,0.0,0.0031018518518518517,-0.0,False
acc_01477,0.0,0.0,0.0028819444444444444,-0.0,False
acc_01478,0.0,0.0,0.0016782407407407408,-0.0,False
acc_01479,0.0,0.0,0.0014467592592592592,-0.0,False
acc_01480,0.0,0.0,0.0011921296296296296,-0.0,False
acc_01481,0.0,0.0,0.0007060185185185185,-0.0,False
acc_01482,0.0,0.0,0.0003125,-0.0,False
acc_01483,0.0,0.0,0.00028935185185185184,-0.0,False
acc_01484,0.0,0.0,0.0,-0.0,False
