account_id,ml_risk_score,was_in_test_set
acc_00000,0.09535604521766836,False
acc_00001,0.09535604521766836,True
acc_00002,0.09535604521766836,False
acc_00003,0.1739961097164576,False
acc_00004,0.09535604521766836,False
acc_00005,0.09535604521766836,False
acc_00006,0.09535604521766836,False
acc_00007,0.15053938908290243,False
acc_00008,0.005870289436295528,True
acc_00009,0.08723661417231376,False
acc_00010,0.09535604521766836,False
acc_00011,0.1946280479288486,False
acc_00012,0.09535604521766836,False
acc_00013,0.006074228353638015,True
acc_00014,0.09535604521766836,True
acc_00015,0.09535604521766836,False
acc_00016,0.09535604521766836,False
acc_00017,0.09535604521766836,False
acc_00018,0.09535604521766836,False
acc_00019,0.09535604521766836,False
acc_00020,0.09535604521766836,True
acc_00021,0.08846413240987254,True
acc_00022,0.08450823489854559,False
acc_00023,0.09535604521766836,False
acc_00024,0.09464480195229683,False
acc_00025,0.0759573844516417,False
acc_00026,0.0877793327364778,True
acc_00027,0.09535604521766836,False
acc_00028,0.09552435798304915,False
acc_00029,0.09535604521766836,False
acc_00030,0.09535604521766836,False
acc_00031,0.09535604521766836,False
acc_00032,0.09552435798304915,False
acc_00033,0.09535604521766836,False
acc_00034,0.09535604521766836,True
acc_00035,0.09535604521766836,False
acc_00036,0.17916945853210514,False
acc_00037,0.019556592170640368,True
acc_00038,0.09535604521766836,False
acc_00039,0.12484205353660181,False
acc_00040,0.09552435798304915,True
acc_00041,0.09552435798304915,False
acc_00042,0.09535604521766836,False
acc_00043,0.09535604521766836,False
acc_00044,0.09535604521766836,False
acc_00045,0.1850301791613225,False
acc_00046,0.08262905493988043,False
acc_00047,0.09535604521766836,False
acc_00048,0.05762786422978494,False
acc_00049,0.12484205353660181,False
acc_00050,0.09535604521766836,False
acc_00051,0.09535604521766836,False
acc_00052,0.0759573844516417,False
acc_00053,0.09093059624657751,True
acc_00054,0.09535604521766836,False
acc_00055,0.09552435798304915,False
acc_00056,0.09535604521766836,False
acc_00057,0.045050459794634644,False
acc_00058,0.09535604521766836,False
acc_00059,0.09535604521766836,False
acc_00060,0.09822556832877806,False
acc_00061,0.09535604521766836,False
acc_00062,0.10040453841721886,False
acc_00063,0.09013854817365359,False
acc_00064,0.09535604521766836,True
acc_00065,0.09535604521766836,False
acc_00066,0.08846413240987254,False
acc_00067,0.09535604521766836,False
acc_00068,0.09535604521766836,False
acc_00069,0.20985443650824265,False
acc_00070,0.08638226546989447,False
acc_00071,0.09535604521766836,False
acc_00072,0.5809428699892417,False
acc_00073,0.3576569072596727,False
acc_00074,0.013958294604390166,False
acc_00075,0.09535604521766836,False
acc_00076,0.09535604521766836,False
acc_00077,0.0985367764436759,False
acc_00078,0.09535604521766836,False
acc_00079,0.09535604521766836,False
acc_00080,0.21847631867016845,False
acc_00081,0.02178345641905922,False
acc_00082,0.09535604521766836,False
acc_00083,0.09535604521766836,False
acc_00084,0.09535604521766836,False
acc_00085,0.09535604521766836,False
acc_00086,0.09535604521766836,False
acc_00087,0.1503073154535397,False
acc_00088,0.09535604521766836,True
acc_00089,0.10030934946139335,False
acc_00090,0.09535604521766836,False
acc_00091,0.09535604521766836,False
acc_00092,0.09535604521766836,True
acc_00093,0.6775593581032934,False
acc_00094,0.040220567902903966,False
acc_00095,0.3021002187482213,False
acc_00096,0.09535604521766836,False
acc_00097,0.6965459536711339,False
acc_00098,0.3021262641986396,True
acc_00099,0.09797599375709626,False
acc_00100,0.0981265977389524,False
acc_00101,0.1509276437398225,True
acc_00102,0.09797599375709626,False
acc_00103,0.09797599375709626,False
acc_00104,0.019922234669232437,False
acc_00105,0.1118163151083621,False
acc_00106,0.09797599375709626,True
acc_00107,0.23518768287738936,False
acc_00108,0.23518768287738936,False
acc_00109,0.09797599375709626,False
acc_00110,0.05558001538854182,False
acc_00111,0.23018768287738936,False
acc_00112,0.09797599375709626,False
acc_00113,0.03339428071876334,False
acc_00114,0.09797599375709626,False
acc_00115,0.14553304486076454,True
acc_00116,0.09797599375709626,False
acc_00117,0.05558001538854182,False
acc_00118,0.09797599375709626,False
acc_00119,0.40236179531277144,True
acc_00120,0.09797599375709626,False
acc_00121,0.0981265977389524,False
acc_00122,0.14797374303060265,False
acc_00123,0.09797599375709626,False
acc_00124,0.18658429720791278,False
acc_00125,0.1118163151083621,True
acc_00126,0.23018768287738936,True
acc_00127,0.24658663957778532,False
acc_00128,0.09797599375709626,False
acc_00129,0.09797599375709626,False
acc_00130,0.24658663957778532,False
acc_00131,0.0929604341201307,False
acc_00132,0.4124964824785076,False
acc_00133,0.09797599375709626,False
acc_00134,0.09797599375709626,True
acc_00135,0.1118163151083621,False
acc_00136,0.148623425461946,False
acc_00137,0.15829023505290588,False
acc_00138,0.09797599375709626,True
acc_00139,0.23531566162287823,False
acc_00140,0.09797599375709626,False
acc_00141,0.031594918155384046,False
acc_00142,0.1118163151083621,False
acc_00143,0.03339428071876334,False
acc_00144,0.09797599375709626,False
acc_00145,0.09797599375709626,False
acc_00146,0.09797599375709626,False
acc_00147,0.09797599375709626,True
acc_00148,0.09797599375709626,False
acc_00149,0.22450233186344118,False
acc_00150,0.10297599375709625,True
acc_00151,0.2404494622826985,False
acc_00152,0.10297599375709625,False
acc_00153,0.10297599375709625,False
acc_00154,0.373566927002755,True
acc_00155,0.10297599375709625,True
acc_00156,0.23018768287738936,True
acc_00157,0.18169685172725686,False
acc_00158,0.019922234669232437,False
acc_00159,0.04363895463742786,False
acc_00160,0.13499771765338214,False
acc_00161,0.13832912642936368,False
acc_00162,0.32767887025577175,False
acc_00163,0.06987505648392142,False
acc_00164,0.1279200484295292,False
acc_00165,0.1613806986594042,True
acc_00166,0.026237800397983277,True
acc_00167,0.10291488791115572,False
acc_00168,0.177848792419412,False
acc_00169,0.09640623997629084,False
acc_00170,0.03791048388413489,False
acc_00171,0.09640623997629084,True
acc_00172,0.09640623997629084,False
acc_00173,0.19637808001989238,False
acc_00174,0.14481264838915486,False
acc_00175,0.09640623997629084,False
acc_00176,0.09640623997629084,False
acc_00177,0.09640623997629084,False
acc_00178,0.1279200484295292,False
acc_00179,0.09640623997629084,False
acc_00180,0.09640623997629084,False
acc_00181,0.09640623997629084,False
acc_00182,0.04418271466456845,False
acc_00183,0.18058281030243653,False
acc_00184,0.09640623997629084,False
acc_00185,0.04418271466456845,False
acc_00186,0.35151711006828057,False
acc_00187,0.09640623997629084,False
acc_00188,0.17067934770265647,False
acc_00189,0.09640623997629084,False
acc_00190,0.09640623997629084,False
acc_00191,0.09640623997629084,True
acc_00192,0.09640623997629084,True
acc_00193,0.19566010831682182,False
acc_00194,0.09640623997629084,True
acc_00195,0.25283857493244916,True
acc_00196,0.09640623997629084,False
acc_00197,0.09640623997629084,False
acc_00198,0.05451066374394327,False
acc_00199,0.026237800397983277,False
acc_00200,0.09640623997629084,False
acc_00201,0.19602290873278605,False
acc_00202,0.09640623997629084,False
acc_00203,0.09640623997629084,True
acc_00204,0.09640623997629084,False
acc_00205,0.09640623997629084,False
acc_00206,0.09640623997629084,True
acc_00207,0.09640623997629084,True
acc_00208,0.09640623997629084,True
acc_00209,0.2747726678181514,False
acc_00210,0.2391110670526518,False
acc_00211,0.14481264838915486,True
acc_00212,0.16293425925543883,True
acc_00213,0.026237800397983277,True
acc_00214,0.20764548904409522,False
acc_00215,0.28183800218044114,False
acc_00216,0.17067934770265647,False
acc_00217,0.09640623997629084,False
acc_00218,0.20058745444994894,False
acc_00219,0.030284083707941195,False
acc_00220,0.09640623997629084,False
acc_00221,0.09640623997629084,False
acc_00222,0.09640623997629084,True
acc_00223,0.1279200484295292,False
acc_00224,0.09640623997629084,False
acc_00225,0.2125893574211196,True
acc_00226,0.09640623997629084,False
acc_00227,0.09640623997629084,False
acc_00228,0.2195290459547737,False
acc_00229,0.26541556867610394,False
acc_00230,0.5472526928320682,False
acc_00231,0.09397092049799745,False
acc_00232,0.44695797696043443,True
acc_00233,0.11842362761176278,False
acc_00234,0.2748610857836793,False
acc_00235,0.09273991160401591,False
acc_00236,0.11842362761176278,True
acc_00237,0.09273991160401591,True
acc_00238,0.09273991160401591,False
acc_00239,0.2777424772891013,False
acc_00240,0.09273991160401591,False
acc_00241,0.4156387762670816,False
acc_00242,0.09273991160401591,False
acc_00243,0.22199669775868355,False
acc_00244,0.09273991160401591,False
acc_00245,0.034452847663813145,False
acc_00246,0.09273991160401591,False
acc_00247,0.22199669775868355,False
acc_00248,0.03829697982923631,True
acc_00249,0.09273991160401591,False
acc_00250,0.3230974481137722,False
acc_00251,0.09273991160401591,False
acc_00252,0.2916796814879204,False
acc_00253,0.09273991160401591,True
acc_00254,0.09273991160401591,False
acc_00255,0.09273991160401591,False
acc_00256,0.09273991160401591,False
acc_00257,0.09273991160401591,False
acc_00258,0.04794656570300579,False
acc_00259,0.09273991160401591,True
acc_00260,0.09273991160401591,True
acc_00261,0.09273991160401591,False
acc_00262,0.09273991160401591,False
acc_00263,0.09273991160401591,False
acc_00264,0.6389981147031902,False
acc_00265,0.22684300751725112,False
acc_00266,0.09273991160401591,False
acc_00267,0.09273991160401591,False
acc_00268,0.669014033366456,False
acc_00269,0.09464809858971511,False
acc_00270,0.09131668981373359,False
acc_00271,0.09131668981373359,True
acc_00272,0.1224699109217207,False
acc_00273,0.09131668981373359,False
acc_00274,0.09131668981373359,False
acc_00275,0.09131668981373359,False
acc_00276,0.09522139748267815,False
acc_00277,0.1224699109217207,False
acc_00278,0.3595412648782792,True
acc_00279,0.08522433707559357,False
acc_00280,0.5814308250277733,False
acc_00281,0.08725356607209887,False
acc_00282,0.2284572707399562,False
acc_00283,0.08725356607209887,False
acc_00284,0.2476163941419345,False
acc_00285,0.27426638466521586,False
acc_00286,0.09273991160401591,True
acc_00287,0.08725356607209887,False
acc_00288,0.08725356607209887,True
acc_00289,0.28233150368848847,False
acc_00290,0.08725356607209887,True
acc_00291,0.08725356607209887,False
acc_00292,0.28866827170862575,False
acc_00293,0.28233150368848847,False
acc_00294,0.08725356607209887,True
acc_00295,0.08725356607209887,False
acc_00296,0.13845005681773154,False
acc_00297,0.08725356607209887,False
acc_00298,0.08725356607209887,False
acc_00299,0.08725356607209887,True
acc_00300,0.28233150368848847,False
acc_00301,0.04044984278443815,False
acc_00302,0.08725356607209887,False
acc_00303,0.08538524773066694,False
acc_00304,0.042623776751639905,True
acc_00305,0.08725356607209887,False
acc_00306,0.08725356607209887,True
acc_00307,0.08725356607209887,False
acc_00308,0.08725356607209887,False
acc_00309,0.3227950420874347,False
acc_00310,0.08725356607209887,False
acc_00311,0.08725356607209887,False
acc_00312,0.08725356607209887,False
acc_00313,0.08725356607209887,False
acc_00314,0.026795293110643294,False
acc_00315,0.13845005681773154,False
acc_00316,0.28233150368848847,False
acc_00317,0.4083361565855235,True
acc_00318,0.08725356607209887,False
acc_00319,0.026795293110643294,False
acc_00320,0.08725356607209887,False
acc_00321,0.08725356607209887,False
acc_00322,0.08725356607209887,False
acc_00323,0.08725356607209887,False
acc_00324,0.08725356607209887,False
acc_00325,0.08011163764966309,False
acc_00326,0.08725356607209887,False
acc_00327,0.08725356607209887,True
acc_00328,0.04493280066991728,False
acc_00329,0.08725356607209887,True
acc_00330,0.08725356607209887,False
acc_00331,0.08725356607209887,False
acc_00332,0.04735187369198977,False
acc_00333,0.08725356607209887,False
acc_00334,0.08725356607209887,False
acc_00335,0.12619973394167802,False
acc_00336,0.08725356607209887,False
acc_00337,0.40157163535349616,False
acc_00338,0.1793955265891212,False
acc_00339,0.08725356607209887,False
acc_00340,0.08725356607209887,False
acc_00341,0.09640623997629084,False
acc_00342,0.08725356607209887,True
acc_00343,0.183623929905516,False
acc_00344,0.3147731180118643,False
acc_00345,0.08725356607209887,False
acc_00346,0.08725356607209887,False
acc_00347,0.1467350618311084,False
acc_00348,0.08725356607209887,False
acc_00349,0.08725356607209887,True
acc_00350,0.08725356607209887,False
acc_00351,0.08725356607209887,False
acc_00352,0.08725356607209887,False
acc_00353,0.08725356607209887,False
acc_00354,0.1793955265891212,False
acc_00355,0.4816046877580648,True
acc_00356,0.36522112868811685,False
acc_00357,0.08725356607209887,True
acc_00358,0.08725356607209887,False
acc_00359,0.08725356607209887,False
acc_00360,0.055583109106814896,False
acc_00361,0.08725356607209887,False
acc_00362,0.08725356607209887,False
acc_00363,0.1793955265891212,False
acc_00364,0.12619973394167802,False
acc_00365,0.08725356607209887,False
acc_00366,0.08725356607209887,False
acc_00367,0.08725356607209887,False
acc_00368,0.08725356607209887,False
acc_00369,0.08725356607209887,False
acc_00370,0.218509113444106,False
acc_00371,0.2498379491888091,False
acc_00372,0.08725356607209887,False
acc_00373,0.08725356607209887,False
acc_00374,0.08725356607209887,False
acc_00375,0.2646341901494242,False
acc_00376,0.08725356607209887,False
acc_00377,0.41712913470456525,False
acc_00378,0.08725356607209887,False
acc_00379,0.08725356607209887,False
acc_00380,0.08725356607209887,False
acc_00381,0.026795293110643294,False
acc_00382,0.12619973394167802,False
acc_00383,0.08725356607209887,False
acc_00384,0.04735187369198977,False
acc_00385,0.3946251314821428,False
acc_00386,0.08725356607209887,False
acc_00387,0.08725356607209887,False
acc_00388,0.026795293110643294,False
acc_00389,0.1793955265891212,False
acc_00390,0.2732303528835389,True
acc_00391,0.08725356607209887,True
acc_00392,0.286015101918288,False
acc_00393,0.08725356607209887,False
acc_00394,0.030841576420601216,False
acc_00395,0.13845005681773154,False
acc_00396,0.08725356607209887,True
acc_00397,0.4094566351101516,True
acc_00398,0.026795293110643294,True
acc_00399,0.08725356607209887,False
acc_00400,0.08725356607209887,True
acc_00401,0.08725356607209887,False
acc_00402,0.2498379491888091,False
acc_00403,0.08725356607209887,False
acc_00404,0.08725356607209887,True
acc_00405,0.08725356607209887,True
acc_00406,0.08725356607209887,False
acc_00407,0.08725356607209887,False
acc_00408,0.08725356607209887,False
acc_00409,0.08725356607209887,False
acc_00410,0.08725356607209887,True
acc_00411,0.28233150368848847,False
acc_00412,0.3724926565475845,False
acc_00413,0.08725356607209887,True
acc_00414,0.08725356607209887,True
acc_00415,0.08725356607209887,True
acc_00416,0.08725356607209887,True
acc_00417,0.13845005681773154,False
acc_00418,0.08895416009555088,False
acc_00419,0.08725356607209887,True
acc_00420,0.08725356607209887,False
acc_00421,0.08725356607209887,False
acc_00422,0.30972166142518265,False
acc_00423,0.08725356607209887,False
acc_00424,0.08725356607209887,False
acc_00425,0.08725356607209887,False
acc_00426,0.08954871324791432,False
acc_00427,0.2836297130673028,False
acc_00428,0.5429285641692464,False
acc_00429,0.09141996345060606,False
acc_00430,0.1398853788843039,False
acc_00431,0.09141996345060606,False
acc_00432,0.3044225957843679,True
acc_00433,0.09141996345060606,False
acc_00434,0.214977394003297,False
acc_00435,0.17579555553989393,False
acc_00436,0.15169855249202063,False
acc_00437,0.1613806986594042,False
acc_00438,0.09141996345060606,False
acc_00439,0.09141996345060606,False
acc_00440,0.09141996345060606,False
acc_00441,0.09141996345060606,False
acc_00442,0.09141996345060606,False
acc_00443,0.09141996345060606,False
acc_00444,0.12778022390809807,False
acc_00445,0.09141996345060606,False
acc_00446,0.3838317942064726,False
acc_00447,0.09141996345060606,False
acc_00448,0.09141996345060606,False
acc_00449,0.09141996345060606,False
acc_00450,0.09141996345060606,False
acc_00451,0.09141996345060606,True
acc_00452,0.09141996345060606,False
acc_00453,0.09141996345060606,False
acc_00454,0.09141996345060606,False
acc_00455,0.12778022390809807,True
acc_00456,0.1534404449841618,False
acc_00457,0.2806897094869271,False
acc_00458,0.09141996345060606,False
acc_00459,0.38362595748206096,False
acc_00460,0.12778022390809807,False
acc_00461,0.09141996345060606,False
acc_00462,0.09141996345060606,False
acc_00463,0.09141996345060606,False
acc_00464,0.09141996345060606,False
acc_00465,0.09141996345060606,False
acc_00466,0.09141996345060606,True
acc_00467,0.09141996345060606,False
acc_00468,0.12778022390809807,False
acc_00469,0.22562829343220753,True
acc_00470,0.05321375131243711,False
acc_00471,0.12778022390809807,False
acc_00472,0.20649856511429474,False
acc_00473,0.29912318169186536,True
acc_00474,0.12778022390809807,False
acc_00475,0.2105912290470066,False
acc_00476,0.09141996345060606,False
acc_00477,0.09141996345060606,True
acc_00478,0.20649856511429474,False
acc_00479,0.09141996345060606,False
acc_00480,0.3080329010402898,True
acc_00481,0.09141996345060606,False
acc_00482,0.09141996345060606,False
acc_00483,0.09141996345060606,True
acc_00484,0.09141996345060606,False
acc_00485,0.09141996345060606,False
acc_00486,0.09141996345060606,True
acc_00487,0.09141996345060606,False
acc_00488,0.09141996345060606,True
acc_00489,0.30208516775296185,False
acc_00490,0.09141996345060606,False
acc_00491,0.16718098726720879,False
acc_00492,0.09141996345060606,False
acc_00493,0.09141996345060606,False
acc_00494,0.09141996345060606,False
acc_00495,0.12778022390809807,False
acc_00496,0.09141996345060606,False
acc_00497,0.09141996345060606,False
acc_00498,0.09141996345060606,True
acc_00499,0.04947520967135123,False
acc_00500,0.09141996345060606,False
acc_00501,0.28763432411368545,False
acc_00502,0.09141996345060606,True
acc_00503,0.09141996345060606,False
acc_00504,0.12778022390809807,False
acc_00505,0.04947520967135123,False
acc_00506,0.09141996345060606,True
acc_00507,0.09141996345060606,False
acc_00508,0.09141996345060606,False
acc_00509,0.11668960811625885,False
acc_00510,0.09141996345060606,False
acc_00511,0.2090362065147777,False
acc_00512,0.22760852255315112,False
acc_00513,0.4796463362478669,False
acc_00514,0.3987777219771856,False
acc_00515,0.39066457613022676,False
acc_00516,0.38452669125740213,False
acc_00517,0.38452669125740213,True
acc_00518,0.20358534472249865,False
acc_00519,0.08725356607209887,False
acc_00520,0.38452669125740213,False
acc_00521,0.3652099660546504,False
acc_00522,0.38452669125740213,False
acc_00523,0.38452669125740213,True
acc_00524,0.38452669125740213,True
acc_00525,0.38452669125740213,True
acc_00526,0.22374441582311078,False
acc_00527,0.20564181799344955,False
acc_00528,0.38452669125740213,False
acc_00529,0.38452669125740213,False
acc_00530,0.38452669125740213,False
acc_00531,0.3592088818211805,False
acc_00532,0.28613655664861637,False
acc_00533,0.38452669125740213,False
acc_00534,0.3928065912119269,False
acc_00535,0.3928065912119269,True
acc_00536,0.37654029649058546,False
acc_00537,0.20735363007864493,False
acc_00538,0.5488538867191312,False
acc_00539,0.5551760194406904,False
acc_00540,0.457378873974793,False
acc_00541,0.457378873974793,True
acc_00542,0.03948724395010414,False
acc_00543,0.412002259317815,False
acc_00544,0.32995448080242196,False
acc_00545,0.40388911347085615,False
acc_00546,0.40388911347085615,False
acc_00547,0.3249570340701348,False
acc_00548,0.40388911347085615,False
acc_00549,0.40388911347085615,False
acc_00550,0.40388911347085615,False
acc_00551,0.18490421687036523,False
acc_00552,0.46176580730887146,False
acc_00553,0.296186282900252,False
acc_00554,0.40388911347085615,False
acc_00555,0.40388911347085615,False
acc_00556,0.12028111400992697,False
acc_00557,0.37424941543623624,True
acc_00558,0.40388911347085615,False
acc_00559,0.0599908730342959,False
acc_00560,0.40388911347085615,False
acc_00561,0.40388911347085615,False
acc_00562,0.40388911347085615,False
acc_00563,0.37187926397329646,True
acc_00564,0.40388911347085615,False
acc_00565,0.40388911347085615,False
acc_00566,0.40388911347085615,False
acc_00567,0.40388911347085615,True
acc_00568,0.2121596640026925,False
acc_00569,0.40388911347085615,False
acc_00570,0.40388911347085615,False
acc_00571,0.1956610396986697,False
acc_00572,0.29893608498982294,False
acc_00573,0.40388911347085615,True
acc_00574,0.40388911347085615,False
acc_00575,0.46176580730887146,False
acc_00576,0.40388911347085615,False
acc_00577,0.3177902767855834,False
acc_00578,0.40388911347085615,False
acc_00579,0.20228508722368257,True
acc_00580,0.40388911347085615,True
acc_00581,0.40388911347085615,True
acc_00582,0.40388911347085615,True
acc_00583,0.40388911347085615,False
acc_00584,0.2478581093852954,False
acc_00585,0.40388911347085615,False
acc_00586,0.40388911347085615,False
acc_00587,0.15450970729164867,False
acc_00588,0.1459413350859907,False
acc_00589,0.40388911347085615,False
acc_00590,0.12028111400992697,False
acc_00591,0.40388911347085615,False
acc_00592,0.3349137954295185,False
acc_00593,0.40388911347085615,False
acc_00594,0.1943111694011818,True
acc_00595,0.1459413350859907,False
acc_00596,0.40388911347085615,False
acc_00597,0.40388911347085615,False
acc_00598,0.40388911347085615,False
acc_00599,0.40388911347085615,False
acc_00600,0.2201778046257502,False
acc_00601,0.15450970729164867,False
acc_00602,0.40703524215133596,False
acc_00603,0.3768099208417786,True
acc_00604,0.06742797599915212,False
acc_00605,0.4795278115440619,False
acc_00606,0.3496236499857666,False
acc_00607,0.4147674854954754,False
acc_00608,0.19590426084000329,False
acc_00609,0.44031898662885544,True
acc_00610,0.44031898662885544,False
acc_00611,0.4264065118073582,False
acc_00612,0.3267698349927274,False
acc_00613,0.5253236586260625,False
acc_00614,0.3835102956999456,False
acc_00615,0.402459053099064,False
acc_00616,0.6554213656224246,False
acc_00617,0.12309486183855686,False
acc_00618,0.6448706405997029,False
acc_00619,0.4609988308147455,False
acc_00620,0.4609988308147455,True
acc_00621,0.3904848513889491,False
acc_00622,0.31688543844079253,False
acc_00623,0.14424450497711647,False
acc_00624,0.13214718392495836,False
acc_00625,0.43280108119259725,False
acc_00626,0.4609988308147455,False
acc_00627,0.332084223967547,False
acc_00628,0.2817349046218853,True
acc_00629,0.4609988308147455,False
acc_00630,0.4609988308147455,False
acc_00631,0.22740399051358526,False
acc_00632,0.19457051694672578,True
acc_00633,0.38767804380121645,False
acc_00634,0.15551585563124656,False
acc_00635,0.4609988308147455,False
acc_00636,0.39786313545105295,False
acc_00637,0.4609988308147455,False
acc_00638,0.40275448467149794,False
acc_00639,0.4609988308147455,False
acc_00640,0.4318322422694909,False
acc_00641,0.6008517810065862,False
acc_00642,0.4609988308147455,False
acc_00643,0.4609988308147455,True
acc_00644,0.6008517810065862,False
acc_00645,0.40881710156774653,False
acc_00646,0.4609988308147455,False
acc_00647,0.45865207243180994,True
acc_00648,0.3983062983532313,False
acc_00649,0.4609988308147455,False
acc_00650,0.4609988308147455,False
acc_00651,0.12086389617720253,False
acc_00652,0.31024554008868904,True
acc_00653,0.4609988308147455,False
acc_00654,0.13214718392495836,False
acc_00655,0.4609988308147455,False
acc_00656,0.4609988308147455,False
acc_00657,0.44345074328598066,False
acc_00658,0.4609988308147455,False
acc_00659,0.37063913849973845,True
acc_00660,0.4609988308147455,True
acc_00661,0.4609988308147455,True
acc_00662,0.4609988308147455,True
acc_00663,0.4347868444605756,False
acc_00664,0.5143484996458902,False
acc_00665,0.20567513516777391,True
acc_00666,0.5932906862727529,False
acc_00667,0.5932906862727529,True
acc_00668,0.41176177457357577,True
acc_00669,0.16255534419166595,True
acc_00670,0.5342495335983011,False
acc_00671,0.5270177073775967,False
acc_00672,0.2032538413053904,False
acc_00673,0.5375420418192547,False
acc_00674,0.5750729516810993,False
acc_00675,0.3773584432494544,False
acc_00676,0.4402881358969338,False
acc_00677,0.1984428351908823,False
acc_00678,0.39026219519867433,False
acc_00679,0.35484795226592025,False
acc_00680,0.35484795226592025,True
acc_00681,0.35484795226592025,True
acc_00682,0.13866878685635728,False
acc_00683,0.1385123675781621,False
acc_00684,0.500144837622917,False
acc_00685,0.3889676131719875,True
acc_00686,0.1808708631099419,False
acc_00687,0.35484795226592025,False
acc_00688,0.35484795226592025,False
acc_00689,0.35484795226592025,False
acc_00690,0.1984428351908823,False
acc_00691,0.35484795226592025,False
acc_00692,0.35484795226592025,False
acc_00693,0.35484795226592025,False
acc_00694,0.1385123675781621,False
acc_00695,0.19893905381728494,False
acc_00696,0.10273601244482392,False
acc_00697,0.35484795226592025,False
acc_00698,0.35484795226592025,False
acc_00699,0.35484795226592025,False
acc_00700,0.3299235930796703,False
acc_00701,0.3361672591487328,False
acc_00702,0.35484795226592025,False
acc_00703,0.35484795226592025,True
acc_00704,0.35484795226592025,False
acc_00705,0.7369732706674852,False
acc_00706,0.08312287171321944,True
acc_00707,0.3567678668681373,False
acc_00708,0.3567678668681373,False
acc_00709,0.3567678668681373,True
acc_00710,0.3567678668681373,True
acc_00711,0.3567678668681373,False
acc_00712,0.19816056471595445,False
acc_00713,0.3567678668681373,False
acc_00714,0.2285437455117057,True
acc_00715,0.19816056471595445,False
acc_00716,0.3567678668681373,False
acc_00717,0.3567678668681373,False
acc_00718,0.3567678668681373,False
acc_00719,0.3567678668681373,False
acc_00720,0.3567678668681373,False
acc_00721,0.3567678668681373,False
acc_00722,0.3567678668681373,True
acc_00723,0.42851900171661533,True
acc_00724,0.5348174759739107,False
acc_00725,0.19816056471595445,False
acc_00726,0.3567678668681373,True
acc_00727,0.1382300971032342,False
acc_00728,0.7879346505630039,False
acc_00729,0.3567678668681373,False
acc_00730,0.19489329404777778,False
acc_00731,0.44178706945430596,False
acc_00732,0.24869612298934585,False
acc_00733,0.3567678668681373,False
acc_00734,0.19489329404777778,True
acc_00735,0.04785084284014378,False
acc_00736,0.3567678668681373,False
acc_00737,0.3567678668681373,False
acc_00738,0.3567678668681373,False
acc_00739,0.3567678668681373,False
acc_00740,0.3039071790623371,False
acc_00741,0.3567678668681373,False
acc_00742,0.34401594393754265,False
acc_00743,0.3567678668681373,False
acc_00744,0.44507945627855094,True
acc_00745,0.3567678668681373,False
acc_00746,0.3567678668681373,False
acc_00747,0.3617678668681373,False
acc_00748,0.636115348654158,False
acc_00749,0.38830422040846707,False
acc_00750,0.48493220873955456,False
acc_00751,0.47815188586160834,False
acc_00752,0.47815188586160834,True
acc_00753,0.4663552527893532,False
acc_00754,0.15190428820247734,False
acc_00755,0.41657504148480795,False
acc_00756,0.14080812845421709,True
acc_00757,0.14080812845421709,False
acc_00758,0.14080812845421709,False
acc_00759,0.14080812845421709,False
acc_00760,0.32164412939580783,False
acc_00761,0.4417314773987257,False
acc_00762,0.14080812845421709,False
acc_00763,0.14080812845421709,False
acc_00764,0.468325186599808,False
acc_00765,0.5270003060175816,False
acc_00766,0.13762661103030885,False
acc_00767,0.13762661103030885,False
acc_00768,0.13762661103030885,False
acc_00769,0.7357355150205506,False
acc_00770,0.13762661103030885,True
acc_00771,0.13762661103030885,False
acc_00772,0.2415418039956705,False
acc_00773,0.09551526828389488,False
acc_00774,0.2624843846059318,False
acc_00775,0.13762661103030885,True
acc_00776,0.13762661103030885,True
acc_00777,0.13762661103030885,True
acc_00778,0.4548583231093618,False
acc_00779,0.43605718686787087,True
acc_00780,0.13762661103030885,False
acc_00781,0.13762661103030885,False
acc_00782,0.5055581308612273,False
acc_00783,0.13762661103030885,False
acc_00784,0.13762661103030885,False
acc_00785,0.13762661103030885,False
acc_00786,0.13762661103030885,False
acc_00787,0.13762661103030885,False
acc_00788,0.13762661103030885,False
acc_00789,0.2728643916450424,False
acc_00790,0.13762661103030885,False
acc_00791,0.7357355150205506,True
acc_00792,0.13762661103030885,False
acc_00793,0.13762661103030885,False
acc_00794,0.13762661103030885,True
acc_00795,0.13762661103030885,False
acc_00796,0.13762661103030885,False
acc_00797,0.13762661103030885,True
acc_00798,0.19145509437720712,False
acc_00799,0.04199690247226374,False
acc_00800,0.1725844607387057,False
acc_00801,0.13762661103030885,False
acc_00802,0.38350213191001076,False
acc_00803,0.13762661103030885,True
acc_00804,0.13762661103030885,True
acc_00805,0.13762661103030885,False
acc_00806,0.13762661103030885,False
acc_00807,0.13762661103030885,True
acc_00808,0.13762661103030885,False
acc_00809,0.13762661103030885,False
acc_00810,0.488939104368589,False
acc_00811,0.13762661103030885,False
acc_00812,0.13762661103030885,False
acc_00813,0.7357355150205506,False
acc_00814,0.13762661103030885,False
acc_00815,0.13762661103030885,False
acc_00816,0.13762661103030885,False
acc_00817,0.3818257511486107,False
acc_00818,0.13762661103030885,False
acc_00819,0.7357355150205506,True
acc_00820,0.13762661103030885,False
acc_00821,0.13762661103030885,False
acc_00822,0.13762661103030885,True
acc_00823,0.13762661103030885,True
acc_00824,0.13762661103030885,False
acc_00825,0.4644972388498321,True
acc_00826,0.13762661103030885,False
acc_00827,0.43673762335850164,False
acc_00828,0.7357355150205506,True
acc_00829,0.13762661103030885,False
acc_00830,0.13762661103030885,False
acc_00831,0.42849059276773177,False
acc_00832,0.13762661103030885,True
acc_00833,0.1725844607387057,True
acc_00834,0.13762661103030885,False
acc_00835,0.13762661103030885,False
acc_00836,0.13762661103030885,False
acc_00837,0.13762661103030885,False
acc_00838,0.5183223973371338,False
acc_00839,0.13762661103030885,False
acc_00840,0.13762661103030885,False
acc_00841,0.13762661103030885,False
acc_00842,0.13762661103030885,False
acc_00843,0.03606771378477813,True
acc_00844,0.3818257511486107,False
acc_00845,0.13762661103030885,False
acc_00846,0.13762661103030885,False
acc_00847,0.13762661103030885,False
acc_00848,0.13762661103030885,False
acc_00849,0.19145509437720712,True
acc_00850,0.13762661103030885,False
acc_00851,0.13762661103030885,False
acc_00852,0.7357355150205506,False
acc_00853,0.13762661103030885,False
acc_00854,0.13762661103030885,False
acc_00855,0.2728643916450424,False
acc_00856,0.13762661103030885,False
acc_00857,0.13762661103030885,False
acc_00858,0.13762661103030885,False
acc_00859,0.13762661103030885,True
acc_00860,0.13762661103030885,False
acc_00861,0.7357355150205506,False
acc_00862,0.2576960028631932,False
acc_00863,0.13762661103030885,True
acc_00864,0.4498125987572274,False
acc_00865,0.13762661103030885,False
acc_00866,0.13762661103030885,False
acc_00867,0.13762661103030885,False
acc_00868,0.6317431222196981,True
acc_00869,0.13762661103030885,False
acc_00870,0.4445882010139337,False
acc_00871,0.13762661103030885,False
acc_00872,0.13762661103030885,False
acc_00873,0.13762661103030885,False
acc_00874,0.13762661103030885,False
acc_00875,0.062416317457388286,False
acc_00876,0.13762661103030885,False
acc_00877,0.13762661103030885,False
acc_00878,0.13762661103030885,False
acc_00879,0.312973156520248,False
acc_00880,0.13762661103030885,False
acc_00881,0.13762661103030885,False
acc_00882,0.13762661103030885,True
acc_00883,0.13762661103030885,False
acc_00884,0.4061156369448708,True
acc_00885,0.13762661103030885,False
acc_00886,0.13762661103030885,False
acc_00887,0.4790034380518906,False
acc_00888,0.13762661103030885,True
acc_00889,0.3063895423785159,False
acc_00890,0.13762661103030885,False
acc_00891,0.13762661103030885,True
acc_00892,0.13762661103030885,False
acc_00893,0.312973156520248,False
acc_00894,0.1725844607387057,False
acc_00895,0.13762661103030885,False
acc_00896,0.5596102636517077,False
acc_00897,0.13762661103030885,False
acc_00898,0.13762661103030885,True
acc_00899,0.13762661103030885,True
acc_00900,0.13762661103030885,False
acc_00901,0.13762661103030885,False
acc_00902,0.3169803104282187,False
acc_00903,0.4790034380518906,False
acc_00904,0.13762661103030885,False
acc_00905,0.13762661103030885,True
acc_00906,0.13762661103030885,True
acc_00907,0.8184508452436887,False
acc_00908,0.4609988308147455,False
acc_00909,0.13762661103030885,True
acc_00910,0.13762661103030885,False
acc_00911,0.13762661103030885,False
acc_00912,0.39855841282286664,True
acc_00913,0.13762661103030885,False
acc_00914,0.13762661103030885,False
acc_00915,0.13762661103030885,False
acc_00916,0.3324742917240794,False
acc_00917,0.13762661103030885,False
acc_00918,0.10730426577503746,False
acc_00919,0.4824304359796082,False
acc_00920,0.13762661103030885,True
acc_00921,0.13762661103030885,False
acc_00922,0.2761201794463323,False
acc_00923,0.1424835133872112,False
acc_00924,0.1424835133872112,False
acc_00925,0.1424835133872112,True
acc_00926,0.1474835133872112,True
acc_00927,0.22280240221003259,False
acc_00928,0.11640424346756696,False
acc_00929,0.5234757900696614,False
acc_00930,0.3603362713197413,False
acc_00931,0.3603362713197413,False
acc_00932,0.16780641992956402,False
acc_00933,0.13926079340537925,False
acc_00934,0.05131556059921953,False
acc_00935,0.8230447942882746,False
acc_00936,0.6565459175967164,False
acc_00937,0.0675507375576705,False
acc_00938,0.0675507375576705,False
acc_00939,0.06465923166942195,False
acc_00940,0.06465923166942195,False
acc_00941,0.06465923166942195,False
acc_00942,0.06465923166942195,False
acc_00943,0.06465923166942195,False
acc_00944,0.06465923166942195,True
acc_00945,0.06465923166942195,False
acc_00946,0.06465923166942195,False
acc_00947,0.06465923166942195,False
acc_00948,0.06465923166942195,False
acc_00949,0.6206737099322953,False
acc_00950,0.06465923166942195,False
acc_00951,0.4681302518312935,False
acc_00952,0.36771861222880986,False
acc_00953,0.6014617850818462,False
acc_00954,0.4558879706920205,False
acc_00955,0.06465923166942195,False
acc_00956,0.06465923166942195,False
acc_00957,0.5409894449720125,False
acc_00958,0.06465923166942195,False
acc_00959,0.0916897921982635,False
acc_00960,0.06465923166942195,True
acc_00961,0.06465923166942195,True
acc_00962,0.06465923166942195,False
acc_00963,0.06465923166942195,False
acc_00964,0.06465923166942195,False
acc_00965,0.06465923166942195,False
acc_00966,0.06465923166942195,False
acc_00967,0.06465923166942195,False
acc_00968,0.06465923166942195,False
acc_00969,0.06465923166942195,False
acc_00970,0.8224006344599125,False
acc_00971,0.06465923166942195,False
acc_00972,0.551518621692876,False
acc_00973,0.06465923166942195,False
acc_00974,0.06465923166942195,False
acc_00975,0.4065299646497244,False
acc_00976,0.3552555428951969,False
acc_00977,0.06465923166942195,False
acc_00978,0.06465923166942195,False
acc_00979,0.06465923166942195,False
acc_00980,0.2877579665278772,False
acc_00981,0.06465923166942195,False
acc_00982,0.06465923166942195,False
acc_00983,0.06465923166942195,True
acc_00984,0.06465923166942195,False
acc_00985,0.06465923166942195,False
acc_00986,0.06465923166942195,True
acc_00987,0.06465923166942195,True
acc_00988,0.06465923166942195,True
acc_00989,0.06465923166942195,True
acc_00990,0.06465923166942195,False
acc_00991,0.8224006344599125,True
acc_00992,0.06465923166942195,True
acc_00993,0.06465923166942195,False
acc_00994,0.2877579665278772,False
acc_00995,0.06465923166942195,False
acc_00996,0.06465923166942195,False
acc_00997,0.06465923166942195,False
acc_00998,0.06465923166942195,False
acc_00999,0.06465923166942195,False
acc_01000,0.06465923166942195,False
acc_01001,0.06465923166942195,False
acc_01002,0.06465923166942195,False
acc_01003,0.06465923166942195,False
acc_01004,0.06465923166942195,True
acc_01005,0.06465923166942195,False
acc_01006,0.4065299646497244,False
acc_01007,0.3315607134773466,True
acc_01008,0.06465923166942195,False
acc_01009,0.06465923166942195,False
acc_01010,0.06465923166942195,False
acc_01011,0.06465923166942195,False
acc_01012,0.06465923166942195,False
acc_01013,0.06465923166942195,True
acc_01014,0.06465923166942195,False
acc_01015,0.06465923166942195,False
acc_01016,0.06465923166942195,False
acc_01017,0.22642978050298024,False
acc_01018,0.06465923166942195,False
acc_01019,0.06465923166942195,False
acc_01020,0.8224006344599125,False
acc_01021,0.3315607134773466,False
acc_01022,0.06465923166942195,False
acc_01023,0.06465923166942195,False
acc_01024,0.06465923166942195,False
acc_01025,0.06465923166942195,False
acc_01026,0.06465923166942195,False
acc_01027,0.06465923166942195,True
acc_01028,0.06465923166942195,False
acc_01029,0.06465923166942195,False
acc_01030,0.06465923166942195,False
acc_01031,0.06465923166942195,False
acc_01032,0.45865207243180994,False
acc_01033,0.06465923166942195,False
acc_01034,0.5106251058734176,False
acc_01035,0.06465923166942195,False
acc_01036,0.06465923166942195,False
acc_01037,0.06465923166942195,False
acc_01038,0.06465923166942195,False
acc_01039,0.06465923166942195,False
acc_01040,0.06465923166942195,False
acc_01041,0.8279271034576448,False
acc_01042,0.06465923166942195,False
acc_01043,0.06465923166942195,False
acc_01044,0.06465923166942195,True
acc_01045,0.5734625691718261,False
acc_01046,0.06465923166942195,True
acc_01047,0.06465923166942195,False
acc_01048,0.06465923166942195,True
acc_01049,0.862567823698146,False
acc_01050,0.06465923166942195,True
acc_01051,0.47776010621519427,False
acc_01052,0.06465923166942195,True
acc_01053,0.06465923166942195,True
acc_01054,0.06465923166942195,True
acc_01055,0.06465923166942195,False
acc_01056,0.06465923166942195,False
acc_01057,0.06465923166942195,False
acc_01058,0.06465923166942195,True
acc_01059,0.06465923166942195,False
acc_01060,0.06465923166942195,False
acc_01061,0.06465923166942195,True
acc_01062,0.06465923166942195,False
acc_01063,0.06465923166942195,False
acc_01064,0.06465923166942195,False
acc_01065,0.06465923166942195,False
acc_01066,0.6729485824942839,False
acc_01067,0.06465923166942195,False
acc_01068,0.06465923166942195,False
acc_01069,0.06465923166942195,False
acc_01070,0.06465923166942195,False
acc_01071,0.06465923166942195,False
acc_01072,0.06465923166942195,True
acc_01073,0.0850185648862553,False
acc_01074,0.4903773167779854,False
acc_01075,0.06465923166942195,False
acc_01076,0.09640623997629084,False
acc_01077,0.06465923166942195,False
acc_01078,0.06465923166942195,True
acc_01079,0.8752858575594135,True
acc_01080,0.8703344845617018,False
acc_01081,0.06465923166942195,False
acc_01082,0.06292295338343255,False
acc_01083,0.06292295338343255,False
acc_01084,0.06292295338343255,False
acc_01085,0.06292295338343255,False
acc_01086,0.06292295338343255,True
acc_01087,0.8526860277829691,False
acc_01088,0.06176802944428124,False
acc_01089,0.06176802944428124,False
acc_01090,0.06176802944428124,False
acc_01091,0.09640623997629084,False
acc_01092,0.06176802944428124,True
acc_01093,0.46709136592036243,False
acc_01094,0.06176802944428124,False
acc_01095,0.06176802944428124,True
acc_01096,0.08725356607209887,True
acc_01097,0.06176802944428124,False
acc_01098,0.09906182958041669,False
acc_01099,0.06176802944428124,False
acc_01100,0.06176802944428124,True
acc_01101,0.06176802944428124,False
acc_01102,0.06176802944428124,False
acc_01103,0.06176802944428124,False
acc_01104,0.7313645921482232,False
acc_01105,0.06176802944428124,False
acc_01106,0.06176802944428124,False
acc_01107,0.06176802944428124,True
acc_01108,0.06176802944428124,False
acc_01109,0.06176802944428124,False
acc_01110,0.06176802944428124,False
acc_01111,0.06176802944428124,False
acc_01112,0.06176802944428124,True
acc_01113,0.06176802944428124,True
acc_01114,0.06176802944428124,False
acc_01115,0.06176802944428124,False
acc_01116,0.06176802944428124,False
acc_01117,0.06176802944428124,False
acc_01118,0.7252192952923255,False
acc_01119,0.06176802944428124,True
acc_01120,0.06176802944428124,False
acc_01121,0.06176802944428124,False
acc_01122,0.4448498853556589,False
acc_01123,0.06176802944428124,True
acc_01124,0.06176802944428124,False
acc_01125,0.06176802944428124,False
acc_01126,0.35038809241374674,False
acc_01127,0.06176802944428124,False
acc_01128,0.06176802944428124,False
acc_01129,0.06176802944428124,False
acc_01130,0.06176802944428124,False
acc_01131,0.7252192952923255,False
acc_01132,0.06176802944428124,True
acc_01133,0.41884632132374866,False
acc_01134,0.06176802944428124,False
acc_01135,0.4103927668893998,False
acc_01136,0.06176802944428124,False
acc_01137,0.06176802944428124,False
acc_01138,0.06176802944428124,False
acc_01139,0.06176802944428124,False
acc_01140,0.06176802944428124,False
acc_01141,0.06176802944428124,True
acc_01142,0.06176802944428124,False
acc_01143,0.06176802944428124,False
acc_01144,0.06176802944428124,False
acc_01145,0.33218975161409914,False
acc_01146,0.06176802944428124,True
acc_01147,0.06176802944428124,False
acc_01148,0.06176802944428124,False
acc_01149,0.06176802944428124,False
acc_01150,0.06176802944428124,False
acc_01151,0.06176802944428124,False
acc_01152,0.06176802944428124,False
acc_01153,0.33218975161409914,False
acc_01154,0.06176802944428124,False
acc_01155,0.06176802944428124,False
acc_01156,0.33218975161409914,False
acc_01157,0.06176802944428124,False
acc_01158,0.09640623997629084,False
acc_01159,0.06176802944428124,True
acc_01160,0.7252192952923255,True
acc_01161,0.06176802944428124,False
acc_01162,0.06176802944428124,False
acc_01163,0.06176802944428124,True
acc_01164,0.06176802944428124,False
acc_01165,0.06176802944428124,False
acc_01166,0.06176802944428124,True
acc_01167,0.5188271605058189,True
acc_01168,0.06176802944428124,False
acc_01169,0.06176802944428124,False
acc_01170,0.06176802944428124,False
acc_01171,0.40388911347085615,False
acc_01172,0.06176802944428124,True
acc_01173,0.06176802944428124,True
acc_01174,0.06176802944428124,False
acc_01175,0.06176802944428124,False
acc_01176,0.06176802944428124,False
acc_01177,0.06176802944428124,False
acc_01178,0.06176802944428124,False
acc_01179,0.06176802944428124,False
acc_01180,0.06176802944428124,True
acc_01181,0.06176802944428124,False
acc_01182,0.7252192952923255,False
acc_01183,0.19869112203299352,False
acc_01184,0.06176802944428124,True
acc_01185,0.06176802944428124,False
acc_01186,0.06176802944428124,False
acc_01187,0.06176802944428124,False
acc_01188,0.06176802944428124,False
acc_01189,0.06176802944428124,True
acc_01190,0.7289539231240407,False
acc_01191,0.06176802944428124,True
acc_01192,0.06176802944428124,True
acc_01193,0.06176802944428124,False
acc_01194,0.06176802944428124,False
acc_01195,0.06176802944428124,False
acc_01196,0.06176802944428124,True
acc_01197,0.06176802944428124,False
acc_01198,0.06176802944428124,False
acc_01199,0.06176802944428124,False
acc_01200,0.06176802944428124,True
acc_01201,0.06176802944428124,False
acc_01202,0.06176802944428124,False
acc_01203,0.06176802944428124,False
acc_01204,0.06176802944428124,False
acc_01205,0.06176802944428124,False
acc_01206,0.06176802944428124,False
acc_01207,0.06176802944428124,False
acc_01208,0.06176802944428124,False
acc_01209,0.47764943524562553,True
acc_01210,0.06176802944428124,False
acc_01211,0.06176802944428124,False
acc_01212,0.06176802944428124,False
acc_01213,0.26171690973707035,False
acc_01214,0.06176802944428124,False
acc_01215,0.06176802944428124,False
acc_01216,0.06176802944428124,False
acc_01217,0.06176802944428124,True
acc_01218,0.06176802944428124,True
acc_01219,0.06176802944428124,False
acc_01220,0.06176802944428124,False
acc_01221,0.06176802944428124,True
acc_01222,0.06176802944428124,True
acc_01223,0.06176802944428124,False
acc_01224,0.06176802944428124,False
acc_01225,0.06176802944428124,False
acc_01226,0.06176802944428124,False
acc_01227,0.06176802944428124,False
acc_01228,0.6199725236345145,False
acc_01229,0.06176802944428124,False
acc_01230,0.06176802944428124,False
acc_01231,0.06176802944428124,False
acc_01232,0.06176802944428124,True
acc_01233,0.06176802944428124,False
acc_01234,0.06176802944428124,False
acc_01235,0.06176802944428124,False
acc_01236,0.06176802944428124,False
acc_01237,0.06176802944428124,False
acc_01238,0.06176802944428124,False
acc_01239,0.17200500682730874,False
acc_01240,0.06176802944428124,True
acc_01241,0.6199725236345145,False
acc_01242,0.0827153011708379,False
acc_01243,0.0827153011708379,False
acc_01244,0.24878424905145047,False
acc_01245,0.5006880770353644,False
acc_01246,0.35206592740730364,True
acc_01247,0.5006880770353644,True
acc_01248,0.22366490360960728,True
acc_01249,0.14953664447576417,False
acc_01250,0.6136230375431352,False
acc_01251,0.14953664447576417,False
acc_01252,0.14953664447576417,False
acc_01253,0.14953664447576417,False
acc_01254,0.14953664447576417,True
acc_01255,0.14953664447576417,False
acc_01256,0.14953664447576417,False
acc_01257,0.14953664447576417,False
acc_01258,0.2303893506117877,False
acc_01259,0.14953664447576417,False
acc_01260,0.264069015138868,False
acc_01261,0.11647877714721323,True
acc_01262,0.14953664447576417,False
acc_01263,0.14953664447576417,True
acc_01264,0.14953664447576417,False
acc_01265,0.14953664447576417,False
acc_01266,0.14953664447576417,False
acc_01267,0.14953664447576417,False
acc_01268,0.14953664447576417,False
acc_01269,0.14953664447576417,True
acc_01270,0.14953664447576417,False
acc_01271,0.14953664447576417,False
acc_01272,0.14953664447576417,False
acc_01273,0.14953664447576417,False
acc_01274,0.14953664447576417,False
acc_01275,0.14953664447576417,False
acc_01276,0.14953664447576417,False
acc_01277,0.14953664447576417,True
acc_01278,0.14953664447576417,False
acc_01279,0.14953664447576417,False
acc_01280,0.14953664447576417,True
acc_01281,0.14953664447576417,False
acc_01282,0.14953664447576417,False
acc_01283,0.14953664447576417,False
acc_01284,0.09640623997629084,False
acc_01285,0.14953664447576417,True
acc_01286,0.14953664447576417,False
acc_01287,0.14953664447576417,True
acc_01288,0.264069015138868,False
acc_01289,0.14953664447576417,False
acc_01290,0.14953664447576417,False
acc_01291,0.14953664447576417,False
acc_01292,0.14953664447576417,False
acc_01293,0.09640623997629084,True
acc_01294,0.14953664447576417,False
acc_01295,0.6234799399000375,True
acc_01296,0.14953664447576417,True
acc_01297,0.14953664447576417,False
acc_01298,0.14953664447576417,False
acc_01299,0.14953664447576417,True
acc_01300,0.14953664447576417,True
acc_01301,0.14953664447576417,False
acc_01302,0.14953664447576417,False
acc_01303,0.21408158504333868,False
acc_01304,0.264069015138868,True
acc_01305,0.14953664447576417,False
acc_01306,0.14953664447576417,True
acc_01307,0.3530115884917398,True
acc_01308,0.16865934479505879,True
acc_01309,0.09640623997629084,False
acc_01310,0.16865934479505879,False
acc_01311,0.19008062610279935,False
acc_01312,0.19008062610279935,False
acc_01313,0.44476665559583667,False
acc_01314,0.44476665559583667,True
acc_01315,0.21127146553958792,False
acc_01316,0.0778067407463999,True
acc_01317,0.0778067407463999,False
acc_01318,0.0778067407463999,False
acc_01319,0.0778067407463999,True
acc_01320,0.6225344349788272,False
acc_01321,0.248384731166421,True
acc_01322,0.055320998130788446,False
acc_01323,0.055320998130788446,False
acc_01324,0.055320998130788446,False
acc_01325,0.055320998130788446,False
acc_01326,0.28233150368848847,False
acc_01327,0.055320998130788446,False
acc_01328,0.055320998130788446,False
acc_01329,0.055320998130788446,False
acc_01330,0.055320998130788446,False
acc_01331,0.055320998130788446,False
acc_01332,0.6545379242911825,False
acc_01333,0.04778180449271001,False
acc_01334,0.4609988308147455,True
acc_01335,0.045460976644238454,False
acc_01336,0.6189846517009463,True
acc_01337,0.045460976644238454,False
acc_01338,0.045460976644238454,False
acc_01339,0.045460976644238454,True
acc_01340,0.045460976644238454,False
acc_01341,0.045460976644238454,False
acc_01342,0.5071224958370909,False
acc_01343,0.045460976644238454,False
acc_01344,0.40388911347085615,True
acc_01345,0.045460976644238454,False
acc_01346,0.045460976644238454,False
acc_01347,0.045460976644238454,True
acc_01348,0.045460976644238454,False
acc_01349,0.045460976644238454,False
acc_01350,0.045460976644238454,False
acc_01351,0.045460976644238454,False
acc_01352,0.045460976644238454,False
acc_01353,0.045460976644238454,False
acc_01354,0.16754685497068078,True
acc_01355,0.045460976644238454,True
acc_01356,0.045460976644238454,False
acc_01357,0.045460976644238454,False
acc_01358,0.045460976644238454,False
acc_01359,0.045460976644238454,False
acc_01360,0.045460976644238454,False
acc_01361,0.045460976644238454,False
acc_01362,0.045460976644238454,False
acc_01363,0.045460976644238454,True
acc_01364,0.045460976644238454,True
acc_01365,0.4662079096467201,False
acc_01366,0.045460976644238454,False
acc_01367,0.045460976644238454,True
acc_01368,0.045460976644238454,False
acc_01369,0.4662079096467201,True
acc_01370,0.045460976644238454,False
acc_01371,0.045460976644238454,False
acc_01372,0.045460976644238454,False
acc_01373,0.045460976644238454,False
acc_01374,0.045460976644238454,True
acc_01375,0.045460976644238454,False
acc_01376,0.045460976644238454,False
acc_01377,0.236588893343805,True
acc_01378,0.045460976644238454,False
acc_01379,0.045460976644238454,True
acc_01380,0.045460976644238454,False
acc_01381,0.045460976644238454,False
acc_01382,0.045460976644238454,False
acc_01383,0.045460976644238454,False
acc_01384,0.045460976644238454,False
acc_01385,0.045460976644238454,False
acc_01386,0.045460976644238454,False
acc_01387,0.045460976644238454,False
acc_01388,0.16754685497068078,False
acc_01389,0.045460976644238454,False
acc_01390,0.045460976644238454,False
acc_01391,0.11105916842605769,False
acc_01392,0.045460976644238454,False
acc_01393,0.045460976644238454,False
acc_01394,0.045460976644238454,False
acc_01395,0.045460976644238454,True
acc_01396,0.045460976644238454,False
acc_01397,0.045460976644238454,False
acc_01398,0.46144830559298455,True
acc_01399,0.045460976644238454,True
acc_01400,0.045460976644238454,True
acc_01401,0.045460976644238454,False
acc_01402,0.045460976644238454,False
acc_01403,0.045460976644238454,True
acc_01404,0.045460976644238454,False
acc_01405,0.045460976644238454,True
acc_01406,0.045460976644238454,False
acc_01407,0.045460976644238454,True
acc_01408,0.045460976644238454,False
acc_01409,0.045460976644238454,False
acc_01410,0.045460976644238454,False
acc_01411,0.045460976644238454,True
acc_01412,0.045460976644238454,True
acc_01413,0.045460976644238454,False
acc_01414,0.045460976644238454,False
acc_01415,0.045460976644238454,False
acc_01416,0.045460976644238454,False
acc_01417,0.045460976644238454,False
acc_01418,0.045460976644238454,False
acc_01419,0.045460976644238454,True
acc_01420,0.045460976644238454,False
acc_01421,0.045460976644238454,False
acc_01422,0.045460976644238454,False
acc_01423,0.46144830559298455,False
acc_01424,0.045460976644238454,False
acc_01425,0.045460976644238454,False
acc_01426,0.38452669125740213,False
acc_01427,0.045460976644238454,False
acc_01428,0.045460976644238454,False
acc_01429,0.045460976644238454,False
acc_01430,0.045460976644238454,False
acc_01431,0.045460976644238454,False
acc_01432,0.045460976644238454,False
acc_01433,0.045460976644238454,False
acc_01434,0.045460976644238454,False
acc_01435,0.045460976644238454,False
acc_01436,0.045460976644238454,False
acc_01437,0.045460976644238454,False
acc_01438,0.045460976644238454,True
acc_01439,0.045460976644238454,False
acc_01440,0.045460976644238454,False
acc_01441,0.46144830559298455,True
acc_01442,0.045460976644238454,False
acc_01443,0.045460976644238454,False
acc_01444,0.045460976644238454,True
acc_01445,0.045460976644238454,False
acc_01446,0.045460976644238454,False
acc_01447,0.045460976644238454,True
acc_01448,0.4609988308147455,True
acc_01449,0.045460976644238454,False
acc_01450,0.045460976644238454,False
acc_01451,0.045460976644238454,False
acc_01452,0.045460976644238454,False
acc_01453,0.045460976644238454,False
acc_01454,0.045460976644238454,False
acc_01455,0.045460976644238454,False
acc_01456,0.045460976644238454,False
acc_01457,0.045460976644238454,False
acc_01458,0.045460976644238454,False
acc_01459,0.46144830559298455,True
acc_01460,0.045460976644238454,True
acc_01461,0.045460976644238454,False
acc_01462,0.045460976644238454,False
acc_01463,0.045460976644238454,True
acc_01464,0.045460976644238454,False
acc_01465,0.16754685497068078,False
acc_01466,0.045460976644238454,False
acc_01467,0.045460976644238454,False
acc_01468,0.045460976644238454,False
acc_01469,0.045460976644238454,True
acc_01470,0.045460976644238454,False
acc_01471,0.16754685497068078,True
acc_01472,0.045460976644238454,False
acc_01473,0.045460976644238454,False
acc_01474,0.045460976644238454,False
acc_01475,0.045460976644238454,False
acc_01476,0.045460976644238454,True
acc_01477,0.045460976644238454,False
acc_01478,0.045460976644238454,False
acc_01479,0.045460976644238454,False
acc_01480,0.045460976644238454,False
acc_01481,0.045460976644238454,False
acc_01482,0.045460976644238454,True
acc_01483,0.045460976644238454,False
acc_01484,0.045460976644238454,False
